product_id,brand,product_name,image_url,source
1195811c-d6cc-47b2-8bc7-6fe81834c7f6,"Align","Align Align Probiotic","https://www.vitacost.com/Images/Products/200/Align/Align-DualBiotic-Prebiotic-Probiotic-Natural-Fruit-037000779377.jpg",vitacost
43a87309-c35d-4fa4-94f1-57c8faaa487d,"Align","Align Align Probiotic Extra Strength","https://www.vitacost.com/Images/Products/200/Align/Align-Probiotic-5X-Extra-Strength-037000505051.jpg",vitacost
a79a4efd-70f6-4729-aa4d-b402cd5dd91e,"Align","Align Align Probiotic Supplement","https://www.vitacost.com/Images/Products/200/Align/Align-Probiotic-Supplement-037000294177.jpg",vitacost
edc3bc87-ae43-491e-8165-3234aebaafa3,"Allergy Research Group","Allergy Research Group Pure Vitamin C","https://www.vitacost.com/Images/Products/200/Allergy-Research-Group/Allergy-Research-Group-Pure-Vitamin-C-713947700307.jpg",vitacost
93bbc0f1-6249-4d25-b164-9fa79d2b960a,"Allergy Research Group","Allergy Research Group Super D3","https://www.vitacost.com/Images/Products/200/Allergy-Research-Group/Allergy-Research-Group-Super-D3-713947748408.jpg",vitacost
ffbc6c32-aa2e-4d3d-b942-8b769088167a,"Allergy Research Group","Allergy Research Group Super EPA Fish Oil Concentrate","https://www.vitacost.com/Images/Products/200/Allergy-Research-Group/Allergy-Research-Group-Super-EPA-Fish-Oil-Concentrate-713947738706.jpg",vitacost
ee9701ff-35e7-4040-81e6-f144f9416a29,"Alta Health Products","Alta Health Products Magnesium Chloride","https://www.vitacost.com/Images/Products/200/Alta-Health-Products/Alta-Health-Products-Magnesium-Chloride-076920000604.jpg",vitacost
c0631af4-4f1a-4447-9033-163976b1b0cb,"AN Amazing Nutrition Amazing Formulas","AN Amazing Nutrition Amazing Formulas Daily Multivitamin","https://www.vitacost.com/Images/Products/200/Amazing-Nutrition/Amazing-Nutrition-Amazing-Formulas-Daily-Multivitamin-819209026861.jpg",vitacost
9ab68180-2386-4e53-b5ba-ce75463c49e2,"Amen","Amen Vitamin C+","https://www.vitacost.com/Images/Products/200/AMEN/AMEN-Vitamin-C-Zinc-Rosehips-Quercetin-And-Citrus-Bioflavonoids-853919008632.jpg",vitacost
afbf2334-ff00-4265-b86d-e629eef75654,"Ancient Nutrition","Ancient Nutrition Magnesium 300 mg","https://www.vitacost.com/Images/Products/200/Ancient-Nutrition/Ancient-Nutrition-Magnesium-816401023360.jpg",vitacost
b06a608e-826e-4a44-8e9b-0678d31e5a2e,"Ancient Nutrition","Ancient Nutrition Multi Collagen Protein","https://www.vitacost.com/Images/Products/200/Ancient-Nutrition/Ancient-Nutrition-Multi-Collagen-Protein-Strawberry-Lemonade-816401024473.jpg",vitacost
c912d869-2e86-462f-a3ae-a3b29f260fbe,"Ancient Nutrition","Ancient Nutrition Turmeric","https://www.vitacost.com/Images/Products/200/Ancient-Nutrition/Ancient-Nutrition-Organic-Turmeric-816401025463.jpg",vitacost
f82c89bd-aee0-440e-83b1-46cc333cd4de,"Ancient Nutrition","Ancient Nutrition SBO Probiotics Gut Restore 25 Billion CFU","https://www.vitacost.com/Images/Products/200/Ancient-Nutrition/Ancient-Nutrition-SBO-Probiotics-Gut-Restore-816401025425.jpg",vitacost
5d03af7d-80db-4bd2-9cc2-6308c568d66b,"Ancient Nutrition","Ancient Nutrition SBO Probiotics Men's Once Daily","https://www.vitacost.com/Images/Products/200/Ancient-Nutrition/Ancient-Nutrition-SBO-Probiotics-Mens-Once-Daily-816401025821.jpg",vitacost
9a5d9308-697d-4a2b-907f-ee02dcb38123,"Ancient Nutrition","Ancient Nutrition SBO Probiotics Men's 25 Billion CFU","https://www.vitacost.com/Images/Products/200/Ancient-Nutrition/Ancient-Nutrition-SBO-Probiotics-Womens-816401025418.jpg",vitacost
6eaa7844-102e-4da6-ba11-fbea05e630f9,"Ancient Nutrition","Ancient Nutrition Vitamin D 5000 IU","https://www.vitacost.com/Images/Products/200/Ancient-Nutrition/Ancient-Nutrition-Vitamin-D-Ancient-Superfoods-816401023278.jpg",vitacost
3337e6f4-1e67-47d1-80c7-ee463466ff51,"Applied Nutrition","Applied Nutrition Magnum Blood-Flow Sexual Peak Performance","https://www.vitacost.com/Images/Products/200/Applied-Nutrition/Applied-Nutrition-Magnum-Blood-Flow-Sexual-Peak-Performance-710363578060.jpg",vitacost
fe18c124-aee5-4c64-b717-94ae6acfa83e,"Aurora Nutrascience","Aurora Nutrascience exoFlex","https://www.vitacost.com/Images/Products/200/Aurora-NutraScience/Aurora-NutraScience-ExoFlex-Vitamin-C-with-Eggshell-Membrane-628504648124.jpg",vitacost
e37a7122-c5f4-43b7-85de-408eb2207dce,"Aurora Nutrascience","Aurora Nutrascience Mega-Liposomal Vitamin D3/K2+ Organic Fruit Flavor","https://www.vitacost.com/Images/Products/200/Aurora-NutraScience/Aurora-NutraScience-Mega-Liposomal-Vitamin-D3-Organic-Fruit-628504648056.jpg",vitacost
95bc832e-ce0e-4698-8ca7-1059f173d041,"AZO","AZO Dual Protection","https://www.vitacost.com/Images/Products/200/AZO/AZO-Probiotic-Dual-Protection-787651760285.jpg",vitacost
a575991b-b548-4012-85b3-c66e6e427e93,"BareOrganics","BareOrganics Turmeric Root","https://www.vitacost.com/Images/Products/200/BareOrganics/BareOrganics-Turmeric-Root-Powder-818423028767.jpg",vitacost
b9378ef1-916e-438f-b162-e14dc30099bb,"Barlean's","Barlean's Fresh Catch Fish Oil Orange Flavor","https://www.vitacost.com/Images/Products/200/Barleans/Barleans-Fresh-Catch-Fish-Oil-Orange-705875610070.jpg",vitacost
b11a74a1-5619-446f-bd80-ab8b22b86776,"Barlean's","Barlean's Fresh Catch Fish Oil Orange Flavor","https://www.vitacost.com/Images/Products/200/Barleans/Barleans-Fresh-Catch-Fish-Oil-Orange-705875610087.jpg",vitacost
e425756f-86f3-4386-98e1-4b4f33cc9dd1,"Best Naturals","Best Naturals Calcium Carbonate Pure Powder","https://www.vitacost.com/Images/Products/200/Best-Naturals/Best-Naturals-Calcium-Carbonate-Powder-817716014609.jpg",vitacost
fd601fc5-c065-4323-a684-06bfb5be1672,"Best Naturals","Best Naturals Magnesium Chloride 520 mg","https://www.vitacost.com/Images/Products/200/Best-Naturals/Best-Naturals-Magnesium-Chloride-817716019680.jpg",vitacost
eac1cea1-14fe-403e-af1a-e2dc081f119c,"Best Naturals","Best Naturals Magnesium Oxide 500 mg","https://www.vitacost.com/Images/Products/200/Best-Naturals/Best-Naturals-Magnesium-Oxide-817716013480.jpg",vitacost
1d3cfd96-cbce-4a8f-972b-0ec8d0b2b254,"Best Naturals","Best Naturals Turmeric Curcumin 1500 mg","https://www.vitacost.com/Images/Products/200/Best-Naturals/Best-Naturals-Turmeric-Curcumin-with-BioPerine-817716017907.jpg",vitacost
6a947216-9155-4141-b7fc-d01d0df96e2d,"Best Naturals","Best Naturals Vitamin C Pure Powder","https://www.vitacost.com/Images/Products/200/Best-Naturals/Best-Naturals-Vitamin-C-Pure-Powder-817716014692.jpg",vitacost
cd0d7fe6-a3e3-4b32-bab3-512f8827ba17,"Bio Nutrition","Bio Nutrition Curcumin 500","https://www.vitacost.com/Images/Products/200/Bio-Nutrition/Bio-Nutrition-Curcumin-500-854936003471.jpg",vitacost
debf3b85-79a0-4f22-8ab5-d7851ee414ee,"BioSchwartz","BioSchwartz Magnesium Bisglycinate","https://www.vitacost.com/Images/Products/200/BioSchwartz/BioSchwartz-Magnesium-Bisglycinate-737212751238.jpg",vitacost
6742513c-ae38-4228-a2b1-03d36b3782b5,"BioSchwartz","BioSchwartz Magnesium Bisglycinate","https://www.vitacost.com/Images/Products/200/BioSchwartz/BioSchwartz-Magnesium-Bisglycinate-810056430566.jpg",vitacost
58261383-a859-4b9c-a7ef-ca90fd01f7c0,"BioSchwartz","BioSchwartz Turmeric + Ginger","https://www.vitacost.com/Images/Products/200/BioSchwartz/BioSchwartz-Turmeric-And-Ginger-810056431068.jpg",vitacost
795e7c56-d846-4d52-b48a-16466bdbc2c3,"BioSchwartz","BioSchwartz Vitamin C Complex","https://www.vitacost.com/Images/Products/200/BioSchwartz/BioSchwartz-Vitamin-C-Complex-850013512560.jpg",vitacost
bbe34626-995a-4975-b952-8da611f11f9f,"BioSchwartz","BioSchwartz Vitamin D3 5000 IU","https://www.vitacost.com/Images/Products/200/BioSchwartz/BioSchwartz-Vitamin-D3-737212751191.jpg",vitacost
a595502e-de3a-4ed6-857e-925534d7525e,"BioSchwartz","BioSchwartz Men's Multivitamin","https://www.vitacost.com/Images/Products/200/BioSchwartz/BioSchwartz-Womens-Multivitamin-850004119396.jpg",vitacost
692729bd-cd9f-4e53-95c0-faf2084fe0ec,"BodyHealth","BodyHealth Perfect Immune Defense Probiotic","https://www.vitacost.com/Images/Products/200/BodyHealth/BodyHealth-Probiotic-850039655487.jpg",vitacost
c0285044-62fb-4a09-84b9-23ee76981877,"Bucked Up","Bucked Up Original BCAA 2:1:1 Apple Jacked","https://www.vitacost.com/Images/Products/200/Bucked-Up/Bucked-Up-Original-BCAAs-2-1-1-Apple-Jacked-811374032326.jpg",vitacost
3cf76a72-74d4-4b99-8c94-049ea8ebc140,"Bucklebury","Bucklebury Magnesium Glycinate with L-Theanine 350 mg","https://www.vitacost.com/Images/Products/200/Bucklebury/Bucklebury-Magnesium-Glycinate-with-L-Theanine-860010276426.jpg",vitacost
a5ed7eb6-a91e-4049-8872-e18ea1684e87,"Caltrate","Caltrate 600+D","https://www.vitacost.com/Images/Products/200/Caltrate/Caltrate-Bone-Health-Calcium-600-D3-Plus-Minerals-305735512102.jpg",vitacost
95cf4038-efe9-4ded-ba93-6f2d3bc43241,"Carlson Laboratories","Carlson Laboratories Vitamin C 1000 mg","https://www.vitacost.com/Images/Products/200/Carlson/Carlson-C-Gel-Vitamin-C-088395030017.jpg",vitacost
430c2bd9-7a4d-4d89-91d7-0f3244e3e623,"Carlson Laboratories","Carlson Laboratories EcoSmart Omega-3","https://www.vitacost.com/Images/Products/200/Carlson/Carlson-EcoSmart-Omega-3-Lemon-088395018046.jpg",vitacost
a4d45abb-3b8d-462a-9b07-666c7d1ae9b4,"Carlson Laboratories","Carlson Laboratories Professional Formula Elite EPA Gems 1000 mg","https://www.vitacost.com/Images/Products/200/Carlson/Carlson-Elite-EPA-Gems-088395016813.jpg",vitacost
fa578048-b173-499e-929c-a7df8c3960b9,"Carlson Laboratories","Carlson Laboratories Elite Omega-3 plus D & K Natural Lemon Flavor","https://www.vitacost.com/Images/Products/200/Carlson/Carlson-Elite-Omega-3-plus-D-And-K-Natural-Lemon-088395175404.jpg",vitacost
4b644ce9-300d-447b-bc62-d8cd04430cbc,"Carlson Laboratories","Carlson Laboratories Fish Oil Q","https://www.vitacost.com/Images/Products/200/Carlson/Carlson-Fish-Oil-Q-088395016769.jpg",vitacost
78d257e9-a620-4978-86a4-97bcea202d82,"Carlson Laboratories","Carlson Laboratories Kid's Vitamin C Gummies 125 mg Natural Orange Flavor","https://www.vitacost.com/Images/Products/200/Carlson/Carlson-Kids-Vitamin-C-Gummies-Natural-Orange-088395490309.jpg",vitacost
49b9ac89-a235-46af-8100-186778914290,"Carlson Laboratories","Carlson Laboratories Mini-Multi","https://www.vitacost.com/Images/Products/200/Carlson/Carlson-Mini-Multi-Iron-Free-088395041327.jpg",vitacost
eeef6440-599d-4392-a3ae-3fa46fa15aa5,"Carlson Laboratories","Carlson Laboratories Mini-Multi","https://www.vitacost.com/Images/Products/200/Carlson/Carlson-Mini-Multi-Vitamins-And-Minerals-088395041310.jpg",vitacost
ed943249-b7a5-403b-95f7-b33a8cd97f26,"Carlson Laboratories","Carlson Laboratories Mother's DHA 500 mg","https://www.vitacost.com/Images/Products/200/Carlson/Carlson-Mothers-DHA-088395015601.jpg",vitacost
a9ae4666-638b-410c-884b-b5f55cbe239b,"Carlson Laboratories","Carlson Laboratories Super 2 Daily","https://www.vitacost.com/Images/Products/200/Carlson/Carlson-Super-2-Daily-Vitamins-and-Minerals-088395040511.jpg",vitacost
fde04324-8049-4aa7-8b57-0f1b05c5e771,"Carlson Laboratories","Carlson Laboratories Super DHA Gems 500 mg","https://www.vitacost.com/Images/Products/200/Carlson/Carlson-Super-DHA-Gems-088395015502.jpg",vitacost
ab1c1961-be94-4ed4-89c5-a668f58c1b48,"Carlson Laboratories","Carlson Laboratories Super Omega-3 Gems 1200 mg","https://www.vitacost.com/Images/Products/200/Carlson/Carlson-Super-Omega-3-Gems-088395015229.jpg",vitacost
f8e91a29-e6f6-42cb-b1a5-52153b541cb2,"Carlson Laboratories","Carlson Laboratories Super Omega-3 Gems 1200 mg","https://www.vitacost.com/Images/Products/200/Carlson/Carlson-Super-Omega-3-Gems-30-FREE-Soft-Gels-088395015243.jpg",vitacost
1251903b-260b-4118-9b60-1649432a970a,"Carlson Laboratories","Carlson Laboratories The Very Finest Fish Oil Natural Orange Flavor","https://www.vitacost.com/Images/Products/200/Carlson/Carlson-The-Very-Finest-Fish-Oil-Omega-3s-Natural-Orange-088395016448.jpg",vitacost
99a37816-f5e5-40db-875b-02cbdebda720,"Carlson Laboratories","Carlson Laboratories Vegetarian Prenatal DHA","https://www.vitacost.com/Images/Products/200/Carlson/Carlson-Vegetarian-Prenatal-DHA-088395449604.jpg",vitacost
da592cac-32b3-48b1-9ab4-ab4fae585e10,"Centrum","Centrum  Centrum Men","https://www.vitacost.com/Images/Products/200/Centrum/Centrum-Men-Multi-Vitamin-Tablets-305734757702.jpg",vitacost
c570c682-49cc-4fd4-852e-b90e0fa6c369,"Codeage","Codeage Liposomal Creatine","https://www.vitacost.com/Images/Products/200/Codeage/Codeage-Liposomal-Creatine-Monohydrate-Powder-Supplement-1-Month-Supply-Unflavored-850049609067.jpg",vitacost
9966d6cf-df43-4c20-b1b0-3338f0e58b0a,"Codeage","Codeage Liposomal Magnesium","https://www.vitacost.com/Images/Products/200/Codeage/Codeage-Liposomal-Magnesium-Bisglycinate-Chelate-Mineral-Supplement-BioMag-Phospholipids-850043333715.jpg",vitacost
f473bf4a-c815-464f-a44d-37c34467f7c9,"Codeage","Codeage Multi Collagen","https://www.vitacost.com/Images/Products/200/Codeage/Codeage-Multi-Collagen-Peptides-Supplement-Hydrolyzed-Collagen-Protein-with-Vitamin-C-860507000480.jpg",vitacost
01e5a663-4a7f-4aab-845e-c364f30b09c9,"Codeage","Codeage Multivitamin Recovery Elite Max","https://www.vitacost.com/Images/Products/200/Codeage/Codeage-Multivitamin-Recovery-Elite-Max-Essential-Vitamins-And-Minerals-Sports-Recovery-850043333975.jpg",vitacost
a3d7859f-20e4-48c0-9f1f-49ce4132c627,"Codeage","Codeage Supreme Joint Health","https://www.vitacost.com/Images/Products/200/Codeage/Codeage-Supreme-Joint-Health-UC-II-Type-2-Collagen-Supplement-Turmeric-Bromelain-Boswellia-853919008694.jpg",vitacost
db61f0f7-a4f5-4d1a-aa46-c536e53f26de,"CON-CRET","CON-CRET Creatine HCL Gummies Berry Zing","https://www.vitacost.com/Images/Products/200/Con-Cret/Con-Cret-Creatine-HCl-Gummies-Berry-Zing-349597002364.jpg",vitacost
ac563afb-81ea-41d0-bfca-ff235a720620,"CON-CRET","CON-CRET Creatine HCl","https://www.vitacost.com/Images/Products/200/Con-Cret/Con-Cret-Creatine-HCl-NSF-Certified-for-Sport-349597001459.jpg",vitacost
dd626e41-a93e-44fe-9be1-bf200aa630c9,"Country Farms","Country Farms  Morning Liquid MultiVitamin","https://www.vitacost.com/Images/Products/200/Country-Farms/Country-Farms-Morning-Liquid-Multivitamins-035046134266.jpg",vitacost
011b88f9-d1e3-44e2-806e-a3ab80375fb2,"Country Life","Country Life Buffered Vitamin C 500 mg","https://www.vitacost.com/Images/Products/200/Country-Life/Country-Life-Buffered-Vitamin-C-015794070542.jpg",vitacost
e1c1147b-8329-4f39-ad5a-28acfbb455ed,"Country Life","Country Life Buffered Vitamin C 1000 mg","https://www.vitacost.com/Images/Products/200/Country-Life/Country-Life-Buffered-Vitamin-C-015794070610.jpg",vitacost
ca4c9fe6-0c18-4008-9966-7e7808b5d948,"Country Life","Country Life Buffered Vitamin C 1000 mg","https://www.vitacost.com/Images/Products/200/Country-Life/Country-Life-Buffered-Vitamin-C-015794070641.jpg",vitacost
fc722c34-e61d-4191-ab87-17ad54eba1c6,"Country Life","Country Life Calcium Citrate with Vitamin D","https://www.vitacost.com/Images/Products/200/Country-Life/Country-Life-Calcium-Citrate-with-Vitamin-D-015794025559.jpg",vitacost
d67e0675-848e-481e-9c4d-c429c6f46e26,"Country Life","Country Life Calcium Magnesium Zinc","https://www.vitacost.com/Images/Products/200/Country-Life/Country-Life-Calcium-Magnesium-Zinc-with-L-Glutamic-Acid-015794026044.jpg",vitacost
a0295303-875f-4a73-806b-c8a33640a1db,"Country Life","Country Life Chelated Magnesium 250 mg","https://www.vitacost.com/Images/Products/200/Country-Life/Country-Life-Chelated-Magnesium-015794026853.jpg",vitacost
888604f9-6b98-424d-8b15-8f206e8fb14e,"Country Life","Country Life Chelated Magnesium 250 mg","https://www.vitacost.com/Images/Products/200/Country-Life/Country-Life-Chelated-Magnesium-015794026860.jpg",vitacost
2e139463-d14c-4923-bc99-fd0af4967da6,"Country Life","Country Life Chelated Magnesium Glycinate 400 mg","https://www.vitacost.com/Images/Products/200/Country-Life/Country-Life-Chelated-Magnesium-Glycinate-015794026808.jpg",vitacost
b26c6b88-1beb-4502-a939-9f0861f86d50,"Country Life","Country Life D3 Gummies 1000 IU","https://www.vitacost.com/Images/Products/200/Country-Life/Country-Life-D3-Gummies-Strawberry-And-Orange-015794058106.jpg",vitacost
f69e5457-402d-40dd-a2fa-3a2234f11fd6,"Country Life","Country Life Easy Iron 25 mg","https://www.vitacost.com/Images/Products/200/Country-Life/Country-Life-Easy-Iron-015794026594.jpg",vitacost
0a428f82-dc23-4965-ab2b-189d8c3a0c5f,"Country Life","Country Life Magnesium Citrate 250 mg","https://www.vitacost.com/Images/Products/200/Country-Life/Country-Life-Magnesium-Citrate-015794026877.jpg",vitacost
d8e7ffd5-26a3-44c0-b119-488197c245c1,"Country Life","Country Life Tri-Layer Maxi-Skin Collagen + C & A","https://www.vitacost.com/Images/Products/200/Country-Life/Country-Life-MAXI-SKIN-Collagen-C-And-A-015794050605.jpg",vitacost
ba829b48-4e5e-49ef-b438-d6ca93ec85c3,"Country Life","Country Life Natural Omega-3 1000 mg","https://www.vitacost.com/Images/Products/200/Country-Life/Country-Life-Natural-Omega-3-015794044963.jpg",vitacost
8f46b6a3-620c-4ae0-a5ef-fb794a34e976,"Country Life","Country Life Natural Omega-3 1000 mg","https://www.vitacost.com/Images/Products/200/Country-Life/Country-Life-Omega-3-015794044970.jpg",vitacost
5ee7f4ef-750e-48c2-aa97-3bbcb258a923,"Country Life","Country Life Quercetin 500 mg + D3","https://www.vitacost.com/Images/Products/200/Country-Life/Country-Life-Quercetin-D3-015794016243.jpg",vitacost
3586fad7-185c-487d-a27c-5dfc914dd6cc,"Country Life","Country Life Vitamin D3 1000 IU","https://www.vitacost.com/Images/Products/200/Country-Life/Country-Life-Vitamin-D3-015794058045.jpg",vitacost
3265f41d-8e2e-47ce-8d56-649c9b815b62,"Culturelle Kids","Culturelle Kids Probiotic + Fiber Regularity Packets","https://www.vitacost.com/Images/Products/200/Culturelle/Culturelle-Kids-Probiotic-Fiber-Regularity-Packets-049100400372.jpg",vitacost
cf4e9e03-42ac-4baf-8161-d07a18e7018f,"Culturelle","Culturelle  Digestive Daily Probiotic","https://www.vitacost.com/Images/Products/200/Culturelle/Culturelle-Probiotics-Digestive-Daily-Probiotic-049100400211.jpg",vitacost
ebd8fcf5-718d-418e-b919-90888359d74b,"Culturelle","Culturelle  Digestive Daily Probiotic","https://www.vitacost.com/Images/Products/200/Culturelle/Culturelle-Probiotics-Digestive-Daily-Probiotic-Fresh-Orange-049100400228.jpg",vitacost
36e46219-2da9-40bf-865e-d2802f0d309a,"Culturelle","Culturelle  Ultimate Strength Probiotic","https://www.vitacost.com/Images/Products/200/Culturelle/Culturelle-Probiotics-Ultimate-Strength-Probiotic-049100400358.jpg",vitacost
a916cc0b-70c9-44a6-80cd-07c3de6e7409,"Liquid Labs","Liquid Labs Pr","https://www.vitacost.com/Images/Products/200/D-Drops/D-Drops-Kids-Probiotic-Liquid-Drops-30-servings-814947000418.jpg",vitacost
0b16ef8c-1403-46cf-961a-f331cf676aa2,"Davinci Laboratories","Davinci Laboratories Daily Best Ultra","https://www.vitacost.com/Images/Products/200/DaVinci-Laboratories/DaVinci-Laboratories-Daily-Best-Ultra-Multivitamin-026664000859.jpg",vitacost
61424e84-e0ab-46e8-b164-3605196c0c78,"Davinci Laboratories","Davinci Laboratories Magnesium Citrate","https://www.vitacost.com/Images/Products/200/DaVinci-Laboratories/DaVinci-Laboratories-Magnesium-Glycinate-026664018779.jpg",vitacost
51da6bd6-c5d4-4385-b700-ce9eeb5c24e6,"Davinci Laboratories","Davinci Laboratories Omega-3 1000","https://www.vitacost.com/Images/Products/200/DaVinci-Laboratories/DaVinci-Laboratories-Omega-3-1000-026664236890.jpg",vitacost
752f456f-55ba-4d9e-867e-e02b1867137c,"Davinci Laboratories","Davinci Laboratories Omega 3 HP-D","https://www.vitacost.com/Images/Products/200/DaVinci-Laboratories/DaVinci-Laboratories-Omega-3-HP-D-026664249616.jpg",vitacost
cfa0e7d6-6fa0-479b-89b2-2fed8681b5e1,"Davinci Laboratories","Davinci Laboratories Spectra","https://www.vitacost.com/Images/Products/200/DaVinci-Laboratories/DaVinci-Laboratories-Spectra-Multivitamins-for-Adults-026664013415.jpg",vitacost
de656131-b329-4f1e-b0fc-3c3241b8c63a,"DEVA","DEVA Vegan Multivitamin & Mineral Supplement","https://www.vitacost.com/Images/Products/200/Deva/Deva-Vegan-Multivitamin-And-Mineral-Tiny-Tablets-895634000294.jpg",vitacost
25501745-a876-4a78-9741-73f49dc5cfa1,"DEVA","DEVA Vegan Omega-3 DHA-EPA 300 mg","https://www.vitacost.com/Images/Products/200/Deva/Deva-Vegan-Omega-3-DHA-EPA-895634000409.jpg",vitacost
d1450d3a-110d-4ef7-ab9f-2b58f216b47b,"DEVA","DEVA Vegan Prenatal Multivitamin & Mineral","https://www.vitacost.com/Images/Products/200/Deva/Deva-Vegan-Prenatal-One-Daily-Multivitamin-and-Mineral-895634000096.jpg",vitacost
fe2ab3d0-3476-43d6-91f6-3e6d027bc03c,"DietWorks","DietWorks Appetite Control Prebiotic Gummies Raspberry Flavor","https://www.vitacost.com/Images/Products/200/DietWorks/DietWorks-Appetite-Control-Prebiotic-Gummies-Raspberry-035046123963.jpg",vitacost
c195c9ec-625a-446f-8df4-9933c9d95a97,"Doctor's Best","Doctor's Best Enhanced Krill Plus Omega 3s","https://www.vitacost.com/Images/Products/200/Doctors-Best/Doctors-Best-Enhanced-Krill-plus-Omega-3s-753950002340.jpg",vitacost
2db35e6b-2385-4515-a594-fedca75a36bf,"Doctor's Best","Doctor's Best High Absorption Curcumin 1000 mg","https://www.vitacost.com/Images/Products/200/Doctors-Best/Doctors-Best-High-Absorption-Curcumin-753950001077.jpg",vitacost
bc55c606-fdec-406c-82aa-b1cdfc73285e,"Doctor's Best","Doctor's Best Vegan D3 2500 IU with Vitashine D3","https://www.vitacost.com/Images/Products/200/Doctors-Best/Doctors-Best-Vegan-D3-753950003026.jpg",vitacost
9ecfb612-28c9-499b-886a-b7fe63445dfa,"Doctor's Best","Doctor's Best Vegan DHA from Algae 200 mg","https://www.vitacost.com/Images/Products/200/Doctors-Best/Doctors-Best-Vegan-DHA-from-Algae-753950002968.jpg",vitacost
a40e338e-a0d4-49d0-b5d7-9d56d9c58a9f,"Doctor's Best","Doctor's Best Vegan Omega-3 2000 mg","https://www.vitacost.com/Images/Products/200/Doctors-Best/Doctors-Best-Vegan-Omega-3-EPA-DHA-753950006188.jpg",vitacost
c2ae5950-6d19-4e23-972f-60519438d2ac,"Absolute Nutrition","Absolute Nutrition Collagen Complex","https://cloudinary.images-iherb.com/image/upload/f_auto,q_auto:eco/images/abn/abn09018/u/8.jpg",iherb
f8e4a22f-eaaf-4ac0-a6a4-fb4f3e6f4c26,"Absolute Nutrition","Absolute Nutrition Vitamin D3 Drops","https://cloudinary.images-iherb.com/image/upload/f_auto,q_auto:eco/images/abn/abn09022/u/8.jpg",iherb
f6d172df-f789-4df8-a522-c57ed88cca47,"Codeage","Codeage Wild-Caught Marine Collagen Peptides Unflavored","https://cloudinary.images-iherb.com/image/upload/f_auto,q_auto:eco/images/age/age00040/u/40.jpg",iherb
2e9dd193-f20c-457f-81d1-5472e315434a,"Codeage","Codeage Men's Fermented Multivitamin","https://cloudinary.images-iherb.com/image/upload/f_auto,q_auto:eco/images/age/age00831/u/81.jpg",iherb
fcbeb219-e97e-4064-9d2f-24a4d9b4a7ff,"Codeage","Codeage Biotin Marine Collagen","https://cloudinary.images-iherb.com/image/upload/f_auto,q_auto:eco/images/age/age00857/u/72.jpg",iherb
f66e4a61-1140-4e74-ab02-12a7e4e97470,"Codeage","Codeage Liposomal Collagen Peptides+","https://cloudinary.images-iherb.com/image/upload/f_auto,q_auto:eco/images/age/age12185/u/75.jpg",iherb
8c2d44bf-0182-404c-a998-30e326437adc,"Allergy Research Group","Allergy Research Group Super EPA Fish Oil Concentrate","https://cloudinary.images-iherb.com/image/upload/f_auto,q_auto:eco/images/alg/alg73870/u/44.jpg",iherb
b5507262-f917-4b6c-b3d2-bf4ad3a03dc1,"NutriCology","NutriCology Buffered Vitamin C","https://cloudinary.images-iherb.com/image/upload/f_auto,q_auto:eco/images/arg/arg50010/u/64.jpg",iherb
e0ada920-9fab-48f9-aacf-93769cbeb04d,"Ancient Nutrition","Ancient Nutrition Bone Broth Collagen Chocolate","https://cloudinary.images-iherb.com/image/upload/f_auto,q_auto:eco/images/atn/atn02040/u/37.jpg",iherb
a5d791b8-b3c7-4f1e-a7f2-bc170f208b5a,"Ancient Nutrition","Ancient Nutrition Organic Super Greens","https://cloudinary.images-iherb.com/image/upload/f_auto,q_auto:eco/images/atn/atn02062/u/12.jpg",iherb
ee339f53-f0a7-4c5e-a91d-43fb9ec26815,"Ancient Nutrition","Ancient Nutrition Multi Collagen Gut Restore","https://cloudinary.images-iherb.com/image/upload/f_auto,q_auto:eco/images/atn/atn02451/u/24.jpg",iherb
a9d25911-24c3-490b-9f7a-82ae8c3a73e8,"Ancient Nutrition","Ancient Nutrition Men's Fermented Multi","https://cloudinary.images-iherb.com/image/upload/f_auto,q_auto:eco/images/atn/atn02543/u/24.jpg",iherb
9d7279de-44c1-4dc9-81c5-9c182bc40b6f,"Ancient Nutrition","Ancient Nutrition Ashwagandha","https://cloudinary.images-iherb.com/image/upload/f_auto,q_auto:eco/images/atn/atn02545/u/40.jpg",iherb
fdb085db-6038-42f4-bb22-c878fd916c2d,"Amazing India","Amazing India Ashwagandha Extract 500 mg","https://cloudinary.images-iherb.com/image/upload/f_auto,q_auto:eco/images/azi/azi02516/u/24.jpg",iherb
a0834cae-f2fb-4411-9a8e-3cd3ab3b8070,"Barlean's","Barlean's Ideal Omega 3 Orange Flavored","https://cloudinary.images-iherb.com/image/upload/f_auto,q_auto:eco/images/bar/bar61019/u/44.jpg",iherb
604d5363-438c-4dac-8300-32de4bb2e8a5,"Barlean's","Barlean's Ideal Omega 3 Orange Flavored","https://cloudinary.images-iherb.com/image/upload/f_auto,q_auto:eco/images/bar/bar61020/u/44.jpg",iherb
c324e526-f68b-4ddb-b458-84bb4c375810,"Bodytech","Bodytech Creatine HCl Unflavored","https://cloudinary.images-iherb.com/image/upload/f_auto,q_auto:eco/images/bdt/bdt00399/u/8.jpg",iherb
e392ea55-8da7-452b-910c-837416fd3ea6,"Bodytech","Bodytech Creatine & Glutamine With Beta-Alanine Unflavored","https://cloudinary.images-iherb.com/image/upload/f_auto,q_auto:eco/images/bdt/bdt02668/u/8.jpg",iherb
ef85c21d-d708-4080-bf43-c4189e453e57,"Bariatric Advantage","Bariatric Advantage Chewable Iron 29 with Vitamin C Passion Fruit","https://cloudinary.images-iherb.com/image/upload/f_auto,q_auto:eco/images/bdv/bdv00025/u/8.jpg",iherb
3b77594f-f1dc-4ae9-bbef-fa5d06b8f023,"Bariatric Advantage","Bariatric Advantage Chewable Ultra Solo without Iron Citrus","https://cloudinary.images-iherb.com/image/upload/f_auto,q_auto:eco/images/bdv/bdv95275/u/8.jpg",iherb
ea4f1ca1-bd72-4fbb-9084-9e0d91c8127d,"Bariatric Advantage","Bariatric Advantage Chewable High ADEK with Iron Tropical Fruit","https://cloudinary.images-iherb.com/image/upload/f_auto,q_auto:eco/images/bdv/bdv95555/u/8.jpg",iherb
adf2d0dd-acf1-4990-b3e5-78887118add6,"Body Fortress","Body Fortress Super Advanced Whey Protein Chocolate","https://cloudinary.images-iherb.com/image/upload/f_auto,q_auto:eco/images/bft/bft30000/u/24.jpg",iherb
e0295678-1e2c-4065-993c-fd53c9decf85,"BareOrganics","BareOrganics Ashwagandha Root Powder","https://cloudinary.images-iherb.com/image/upload/f_auto,q_auto:eco/images/bog/bog02857/u/24.jpg",iherb
c66a96b1-8698-4db7-9f36-bff6a3c1265c,"Bulletproof","Bulletproof Collagen Protein Unflavored","https://cloudinary.images-iherb.com/image/upload/f_auto,q_auto:eco/images/bpf/bpf02425/u/8.jpg",iherb
ea2508b8-b968-4950-861f-95dca17f9c3c,"BioSchwartz","BioSchwartz Collagen Peptides Bio+ Unflavored","https://cloudinary.images-iherb.com/image/upload/f_auto,q_auto:eco/images/btz/btz75125/u/18.jpg",iherb
f8735d15-d50a-487c-81e9-9e93bf276242,"BUBS Naturals","BUBS Naturals Collagen Peptides Unflavored","https://cloudinary.images-iherb.com/image/upload/f_auto,q_auto:eco/images/bun/bun88016/u/8.jpg",iherb
fd613bf9-e9d2-472d-91d0-6d3f530b33cf,"Banyan Botanicals","Banyan Botanicals Ashwagandha","https://cloudinary.images-iherb.com/image/upload/f_auto,q_auto:eco/images/byn/byn06082/u/6.jpg",iherb
d2711089-b7c7-4636-afc5-e973449761ad,"KAL","KAL Ultra Omega 3-6-9","https://cloudinary.images-iherb.com/image/upload/f_auto,q_auto:eco/images/cal/cal10390/u/24.jpg",iherb
a144b2ef-bc8c-4c02-a461-8fd6cbfdf016,"KAL","KAL Clinical Youth Collagen 600 mg","https://cloudinary.images-iherb.com/image/upload/f_auto,q_auto:eco/images/cal/cal40696/u/139.jpg",iherb
ad4876d5-3b60-4382-8e43-4ae14f9e1bfb,"KAL","KAL Amino Acid Complex 1000","https://cloudinary.images-iherb.com/image/upload/f_auto,q_auto:eco/images/cal/cal51610/u/115.jpg",iherb
d84e6e62-1cf9-4873-87b7-4b3856cd3f2a,"Carlson Laboratories","Carlson Laboratories Salmon Oil","https://cloudinary.images-iherb.com/image/upload/f_auto,q_auto:eco/images/car/car01502/u/8.jpg",iherb
d7887e1b-2ca9-4d75-9b70-ef14aaa279b6,"Carlson Laboratories","Carlson Laboratories Omega-3 Enriched Salmon Oil","https://cloudinary.images-iherb.com/image/upload/f_auto,q_auto:eco/images/car/car01504/u/23.jpg",iherb
d289595c-98d1-46d3-a4bb-4962fddcd11b,"Carlson Laboratories","Carlson Laboratories Super Omega-3 Gems","https://cloudinary.images-iherb.com/image/upload/f_auto,q_auto:eco/images/car/car01524/u/52.jpg",iherb
a0d32bb2-9e7e-4ee9-83e9-5cfa549848ce,"Carlson Laboratories","Carlson Laboratories Mother's DHA 500 mg","https://cloudinary.images-iherb.com/image/upload/f_auto,q_auto:eco/images/car/car01561/u/42.jpg",iherb
1739ce7c-8902-4333-886b-860a5b871890,"Carlson Laboratories","Carlson Laboratories Kid's Chewable DHA 100 mg Bursting Orange Flavor!","https://cloudinary.images-iherb.com/image/upload/f_auto,q_auto:eco/images/car/car01570/u/8.jpg",iherb
33c783ed-55cc-467a-8b35-b98abbb6f32a,"Carlson Laboratories","Carlson Laboratories The Very Finest Fish Oil Natural Lemon Flavor","https://cloudinary.images-iherb.com/image/upload/f_auto,q_auto:eco/images/car/car01631/u/8.jpg",iherb
987f852b-bd98-4112-b499-80cabd2693bf,"Carlson Laboratories","Carlson Laboratories The Very Finest Fish Oil Natural Orange Flavor","https://cloudinary.images-iherb.com/image/upload/f_auto,q_auto:eco/images/car/car01641/u/42.jpg",iherb
2a4d83b9-255d-48d6-bbff-76bf5812b783,"Carlson Laboratories","Carlson Laboratories The Very Finest Fish Oil Natural Lemon Flavor","https://cloudinary.images-iherb.com/image/upload/f_auto,q_auto:eco/images/car/car01642/u/66.jpg",iherb
9432a653-2fcd-435a-9197-7514a737c269,"Carlson Laboratories","Carlson Laboratories Chelated Iron 27 mg","https://cloudinary.images-iherb.com/image/upload/f_auto,q_auto:eco/images/car/car05572/u/45.jpg",iherb
f98ba7b4-427a-4eee-8bfb-d75a22c19b8e,"Carlson Laboratories","Carlson Laboratories Super D3 125 mcg (5000 IU) +K2 90 mcg","https://cloudinary.images-iherb.com/image/upload/f_auto,q_auto:eco/images/car/car10920/u/8.jpg",iherb
d8c98c67-2a75-47e9-bebc-e756e204e169,"Carlson Laboratories","Carlson Laboratories Wild Norwegian Cod Liver Oil","https://cloudinary.images-iherb.com/image/upload/f_auto,q_auto:eco/images/car/car13630/u/39.jpg",iherb
51a54447-1b51-47d8-a81a-7b16d6237bf7,"Carlson Laboratories","Carlson Laboratories Multi + Omega-3","https://cloudinary.images-iherb.com/image/upload/f_auto,q_auto:eco/images/car/car15860/u/8.jpg",iherb
f50f4d4f-b2e6-4349-b23f-05ef541eefed,"Carlson Laboratories","Carlson Laboratories Salmon Oil Complete","https://cloudinary.images-iherb.com/image/upload/f_auto,q_auto:eco/images/car/car18300/u/8.jpg",iherb
ecc12e73-7a84-46b7-9abc-92b166986dfd,"Carlson Laboratories","Carlson Laboratories Women's Iron Restore","https://cloudinary.images-iherb.com/image/upload/f_auto,q_auto:eco/images/car/car43510/u/26.jpg",iherb
fef2aebb-fdd2-482f-b4c8-bb8a5cec18b6,"Carlson Laboratories","Carlson Laboratories Chewable Iron 27 mg Natural Grape Flavor","https://cloudinary.images-iherb.com/image/upload/f_auto,q_auto:eco/images/car/car55810/u/8.jpg",iherb
67aa8bdb-c339-4137-8353-6c619714a843,"CATALO","CATALO Children's DHA Formula","https://cloudinary.images-iherb.com/image/upload/f_auto,q_auto:eco/images/cat/cat02532/u/44.jpg",iherb
482114f2-4afc-424a-b969-6f62cd1db895,"CATALO","CATALO Vegetarian DHA Formula","https://cloudinary.images-iherb.com/image/upload/f_auto,q_auto:eco/images/cat/cat02547/u/20.jpg",iherb
2280b542-8b9e-46b6-821f-3cee58562a2d,"ChildLife Essentials","ChildLife Essentials Pure DHA Natural Berry Flavor","https://cloudinary.images-iherb.com/image/upload/f_auto,q_auto:eco/images/cdl/cdl10550/u/81.jpg",iherb
9ecb7fd6-6d86-4ffa-b879-db7be62614b0,"ChildLife Essentials","ChildLife Essentials Liquid Iron Natural Berry flavor","https://cloudinary.images-iherb.com/image/upload/f_auto,q_auto:eco/images/cdl/cdl12100/u/40.jpg",iherb
7afdf8e6-14dd-4ab0-8025-4adc094e54b9,"Centrum","Centrum  Centrum MultiGummies Multi+ Omega 3 Natural Strawberry Lemon & Orange","https://cloudinary.images-iherb.com/image/upload/f_auto,q_auto:eco/images/cem/cem28432/u/8.jpg",iherb
096145a7-26d8-46b2-9982-d97cb11aa079,"21st Century","21st Century Acidophilus Probiotic Blend","https://cloudinary.images-iherb.com/image/upload/f_auto,q_auto:eco/images/cen/cen21339/u/57.jpg",iherb
210f8c2e-ce1a-4abf-a614-ecff9704a427,"21st Century","21st Century Fish Oil 1000 mg","https://cloudinary.images-iherb.com/image/upload/f_auto,q_auto:eco/images/cen/cen21495/u/15.jpg",iherb
da61c664-05d8-42e6-b8b9-a09d80fd95a9,"21st Century","21st Century Stress B","https://cloudinary.images-iherb.com/image/upload/f_auto,q_auto:eco/images/cen/cen22331/u/23.jpg",iherb
edb4ae5a-5047-45a3-85b0-6f8c134c11f4,"21st Century","21st Century Super Collagen 6000 mg plus Vitamin C","https://cloudinary.images-iherb.com/image/upload/f_auto,q_auto:eco/images/cen/cen22424/u/34.jpg",iherb
ae874b0a-b81e-4d71-81da-5e7980a2458a,"21st Century","21st Century Daily Amino Acid","https://cloudinary.images-iherb.com/image/upload/f_auto,q_auto:eco/images/cen/cen22557/u/39.jpg",iherb
e3198346-6135-410c-a4f7-74c523902832,"21st Century","21st Century Arthri-Flex Advantage + Vitamin D3","https://cloudinary.images-iherb.com/image/upload/f_auto,q_auto:eco/images/cen/cen22623/u/69.jpg",iherb
adbfc94f-9d03-4f86-bd46-96ee1feaf5e5,"21st Century","21st Century B Complex","https://cloudinary.images-iherb.com/image/upload/f_auto,q_auto:eco/images/cen/cen22668/u/41.jpg",iherb
cf71890b-107b-4f10-8684-17f5fb72e15c,"21st Century","21st Century Iron 27 mg","https://cloudinary.images-iherb.com/image/upload/f_auto,q_auto:eco/images/cen/cen22690/u/32.jpg",iherb
a220f7f1-280b-4c80-adc8-038787785fad,"21st Century","21st Century Magnesium 250 mg","https://cloudinary.images-iherb.com/image/upload/f_auto,q_auto:eco/images/cen/cen22713/u/85.jpg",iherb
3eb52295-138f-4541-aaea-96d72955a01c,"21st Century","21st Century Acidophilus Probiotic Blend","https://cloudinary.images-iherb.com/image/upload/f_auto,q_auto:eco/images/cen/cen22928/u/40.jpg",iherb
f2771b54-e9cf-45dc-b471-9c0abce7900c,"21st Century","21st Century Fish Oil 1200 mg","https://cloudinary.images-iherb.com/image/upload/f_auto,q_auto:eco/images/cen/cen27026/u/13.jpg",iherb
bb181b70-bb51-457c-b757-51b125e2161f,"21st Century","21st Century PreNatal","https://cloudinary.images-iherb.com/image/upload/f_auto,q_auto:eco/images/cen/cen27175/u/36.jpg",iherb
d9727df1-ee3a-46a7-a1ae-36f4fb6cdf26,"21st Century","21st Century 600 + D3 plus Minerals","https://cloudinary.images-iherb.com/image/upload/f_auto,q_auto:eco/images/cen/cen27287/u/31.jpg",iherb
a283e20f-1848-426d-aa5d-108d50c57f99,"21st Century","21st Century PreNatal DHA","https://cloudinary.images-iherb.com/image/upload/f_auto,q_auto:eco/images/cen/cen27384/u/41.jpg",iherb
f6f89d78-9ab1-4f17-9c96-7a9d74b4f32c,"21st Century","21st Century Calcium Citrate +D3 Maximum","https://cloudinary.images-iherb.com/image/upload/f_auto,q_auto:eco/images/cen/cen27492/u/13.jpg",iherb
f8331cf1-cfe8-46cd-b506-8903c757df2c,"21st Century","21st Century 600+D3","https://cloudinary.images-iherb.com/image/upload/f_auto,q_auto:eco/images/cen/cen27529/u/13.jpg",iherb
5d664ac3-8ed3-4826-b077-128f674d15ff,"California Gold Nutrition","California Gold Nutrition Baby's DHA","https://cloudinary.images-iherb.com/image/upload/f_auto,q_auto:eco/images/cgn/cgn00871/u/154.jpg",iherb
f422df4f-38ce-4505-b194-2f5c54e32d76,"California Gold Nutrition","California Gold Nutrition LactoBif 5 Probiotics 5 Billion CFU","https://cloudinary.images-iherb.com/image/upload/f_auto,q_auto:eco/images/cgn/cgn00963/u/172.jpg",iherb
e865897b-68e5-4f4e-9474-21d7fbe92bd4,"California Gold Nutrition","California Gold Nutrition LactoBif 30 Probiotics 30 Billion CFU","https://cloudinary.images-iherb.com/image/upload/f_auto,q_auto:eco/images/cgn/cgn00965/u/170.jpg",iherb
c17fda1e-0d45-4bca-8c10-696e0c419b5e,"California Gold Nutrition","California Gold Nutrition BCAA 500 mg","https://cloudinary.images-iherb.com/image/upload/f_auto,q_auto:eco/images/cgn/cgn01127/u/115.jpg",iherb
439e4c27-c6d6-43ae-8bc2-4f33eab6565b,"California Gold Nutrition","California Gold Nutrition Buffered Gold C","https://cloudinary.images-iherb.com/image/upload/f_auto,q_auto:eco/images/cgn/cgn01236/u/121.jpg",iherb
c335884c-ac96-4fee-8d21-af7de107381b,"California Gold Nutrition","California Gold Nutrition Hydrolyzed Marine Collagen Peptides Unflavored","https://cloudinary.images-iherb.com/image/upload/f_auto,q_auto:eco/images/cgn/cgn01863/u/149.jpg",iherb
381fb07f-2208-461d-8cae-1ed6499f7e1a,"Country Life","Country Life Omega 3 Mood Natural Lemon Flavored!","https://cloudinary.images-iherb.com/image/upload/f_auto,q_auto:eco/images/clf/clf04121/u/41.jpg",iherb
a1345e9a-365b-43da-b63e-1f2bdbacef34,"Controlled Labs","Controlled Labs Orange Triad","https://cloudinary.images-iherb.com/image/upload/f_auto,q_auto:eco/images/col/col00140/u/47.jpg",iherb
e6512844-42b6-4a99-8f14-6cff577add60,"Christopher's Original Formulas","Christopher's Original Formulas Herbal Calcium Formula","https://cloudinary.images-iherb.com/image/upload/f_auto,q_auto:eco/images/cro/cro89108/u/35.jpg",iherb
fee1c371-562d-4566-8427-cc972fee65a4,"Christopher's Original Formulas","Christopher's Original Formulas Herbal Iron Formula","https://cloudinary.images-iherb.com/image/upload/f_auto,q_auto:eco/images/cro/cro89125/u/11.jpg",iherb
b4d710ce-ed4d-47b5-a3ec-1e56c96f9781,"Culturelle","Culturelle  3-in-1 Complete Probiotic","https://cloudinary.images-iherb.com/image/upload/f_auto,q_auto:eco/images/ctl/ctl40038/u/95.jpg",iherb
59c6cf83-c2a3-402e-8a55-3c0aa1ee9993,"DEVA","DEVA Vegan Omega-3 DHA","https://cloudinary.images-iherb.com/image/upload/f_auto,q_auto:eco/images/dev/dev00023/u/77.jpg",iherb
faac2c17-a1b7-48f0-aca8-2a6791255266,"DEVA","DEVA Vegan Omega-3 DHA-EPA","https://cloudinary.images-iherb.com/image/upload/f_auto,q_auto:eco/images/dev/dev00055/u/27.jpg",iherb
036b9d9d-1cd9-4f24-9c2f-2a08d668899d,"Designs for Health","Designs for Health Vitamin D Supreme with Vitamin K1 and K2","https://cloudinary.images-iherb.com/image/upload/f_auto,q_auto:eco/images/dfh/dfh00299/u/40.jpg",iherb
b5372318-db02-4813-a391-a229c332cdb6,"Doctor's Best","Doctor's Best Hyaluronic Acid + Chondroitin Sulfate","https://cloudinary.images-iherb.com/image/upload/f_auto,q_auto:eco/images/drb/drb00146/u/124.jpg",iherb
d0510140-c5ee-4db0-8050-f411c1be8886,"Doctor's Best","Doctor's Best Hyaluronic Acid + Chondroitin Sulfate","https://cloudinary.images-iherb.com/image/upload/f_auto,q_auto:eco/images/drb/drb00228/u/144.jpg",iherb
79a3a32d-2746-440c-bb31-2aa2fe18d8b2,"Doctor's Best","Doctor's Best High Absorption Magnesium Powder Sweet Peach","https://cloudinary.images-iherb.com/image/upload/f_auto,q_auto:eco/images/drb/drb00408/u/115.jpg",iherb
0a18489c-235c-4f5a-8e8c-2eab57fc75b6,"Dr. Tobias","Dr. Tobias Turmeric Curcumin 1500 mg","https://cloudinary.images-iherb.com/image/upload/f_auto,q_auto:eco/images/dtb/dtb00128/u/32.jpg",iherb
ef2ae971-8992-46a8-a181-ca74eec7720f,"Davinci Laboratories","Davinci Laboratories Right Whey Creamy Vanilla","https://cloudinary.images-iherb.com/image/upload/f_auto,q_auto:eco/images/dvi/dvi01117/u/8.jpg",iherb
a3655cf4-e353-4e24-821f-fbb0825f8b94,"Davinci Laboratories","Davinci Laboratories Multi-Mineral Complex with D3","https://cloudinary.images-iherb.com/image/upload/f_auto,q_auto:eco/images/dvi/dvi01351/u/8.jpg",iherb
e4138366-5e9e-4fbb-abd4-36bd0a46d0bc,"Davinci Laboratories","Davinci Laboratories Collagen Flex Mint Chocolate Flavor","https://cloudinary.images-iherb.com/image/upload/f_auto,q_auto:eco/images/dvi/dvi01802/u/16.jpg",iherb
b3af786f-ab3b-4659-aa09-560d370ddae3,"Davinci Laboratories","Davinci Laboratories Nature's Collagen","https://cloudinary.images-iherb.com/image/upload/f_auto,q_auto:eco/images/dvi/dvi24109/u/11.jpg",iherb
c63b9d28-0b9f-4683-867f-8b4bea00fa9d,"Davinci Laboratories","Davinci Laboratories Omega 3 HP-D","https://cloudinary.images-iherb.com/image/upload/f_auto,q_auto:eco/images/dvi/dvi24966/u/8.jpg",iherb
dc8808d3-250c-4ebf-965c-9e0e37b3162d,"Enfamil","Enfamil Fer-In-Sol","https://cloudinary.images-iherb.com/image/upload/f_auto,q_auto:eco/images/enm/enm74002/u/50.jpg",iherb
3a546957-32f9-4702-844a-1ae3aaf2f79d,"Enzymedica","Enzymedica Repair","https://cloudinary.images-iherb.com/image/upload/f_auto,q_auto:eco/images/enz/enz27040/u/35.jpg",iherb
faac8733-43f3-4918-b7d8-9f51b8dc619e,"Enzymedica","Enzymedica Repair Gold","https://cloudinary.images-iherb.com/image/upload/f_auto,q_auto:eco/images/enz/enz29031/u/39.jpg",iherb
93e40198-aac9-4969-a21a-c587864f4db1,"EuroMedica","EuroMedica EurOmega-3","https://cloudinary.images-iherb.com/image/upload/f_auto,q_auto:eco/images/euo/euo69996/u/18.jpg",iherb
27960c03-ebaf-4dfa-9e78-4785f4b04512,"Terry Naturally","Terry Naturally Vectomega","https://cloudinary.images-iherb.com/image/upload/f_auto,q_auto:eco/images/eur/eur36716/u/20.jpg",iherb
a6dc0bcf-7713-4c70-9d67-189fdc489fad,"Evlution Nutrition","Evlution Nutrition Women's Multivitamin","https://cloudinary.images-iherb.com/image/upload/f_auto,q_auto:eco/images/evl/evl02067/u/69.jpg",iherb
b2eafcd3-a23f-4850-9531-61de4c9c9200,"Evlution Nutrition","Evlution Nutrition Creatine1000","https://cloudinary.images-iherb.com/image/upload/f_auto,q_auto:eco/images/evl/evl02440/u/51.jpg",iherb
7ec140e9-cfd3-4fb2-b6ad-ed59b95d4d9f,"Futurebiotics","Futurebiotics Pressur-Lo","https://cloudinary.images-iherb.com/image/upload/f_auto,q_auto:eco/images/fbs/fbs20701/u/55.jpg",iherb
ed349578-3e51-478f-9cd3-1ea86fa8acbd,"Futurebiotics","Futurebiotics Ashwagandha","https://cloudinary.images-iherb.com/image/upload/f_auto,q_auto:eco/images/fbs/fbs50201/u/8.jpg",iherb
6999316d-2235-4fb4-b2f2-6711bf7e8a89,"Flora","Flora Udo's Oil DHA 3-6-9 Blend","https://cloudinary.images-iherb.com/image/upload/f_auto,q_auto:eco/images/flo/flo67998/u/22.jpg",iherb
af2413ac-4e2f-4685-9a64-6e8f2a244105,"GHOST","GHOST Whey Protein Milk Chocolate","https://cloudinary.images-iherb.com/image/upload/f_auto,q_auto:eco/images/ghs/ghs00617/u/8.jpg",iherb
ce012ff4-e1d4-426a-8d24-6a7110eb4584,"GHOST","GHOST Whey Protein Peanut Butter Cereal Milk","https://cloudinary.images-iherb.com/image/upload/f_auto,q_auto:eco/images/ghs/ghs00642/u/8.jpg",iherb
a2b14e79-7f4e-425e-a037-87f1e82706a0,"Goli Nutrition","Goli Nutrition Ashwagandha Gummies","https://cloudinary.images-iherb.com/image/upload/f_auto,q_auto:eco/images/goi/goi35740/u/56.jpg",iherb
bf8a31f0-3a13-4218-bfed-51b332fdcf3f,"Goli Nutrition","Goli Nutrition Ashwagandha Gummies Mixed Berry","https://cloudinary.images-iherb.com/image/upload/f_auto,q_auto:eco/images/goi/goi35740/u/56.jpg",iherb
c7c00d17-f6d7-43b6-956c-fa28bebf7608,"Garden of Life","Garden of Life Grass Fed Collagen Creamer Creamy Vanilla Flavor","https://cloudinary.images-iherb.com/image/upload/f_auto,q_auto:eco/images/gol/gol12713/u/32.jpg",iherb
c2720125-3b51-4305-aad6-4e064fa6a0df,"Gaspari Nutrition","Gaspari Nutrition Anavite","https://cloudinary.images-iherb.com/image/upload/f_auto,q_auto:eco/images/gsn/gsn00698/u/46.jpg",iherb
a648507c-281f-43ca-861a-47a3148035e8,"Happy Healthy Hippie","Happy Healthy Hippie Ashwagandha Extra Strength 2100 mg","https://cloudinary.images-iherb.com/image/upload/f_auto,q_auto:eco/images/hhh/hhh05903/u/15.jpg",iherb
fba18b2d-6c1e-42fc-9656-b3be79de581e,"Happy Healthy Hippie","Happy Healthy Hippie Vegan Collagen Builder","https://cloudinary.images-iherb.com/image/upload/f_auto,q_auto:eco/images/hhh/hhh05905/u/15.jpg",iherb
c68bc993-e5b3-4597-8aa6-35ffc23e4173,"Himalaya","Himalaya Hello Joy","https://cloudinary.images-iherb.com/image/upload/f_auto,q_auto:eco/images/him/him06533/u/44.jpg",iherb
f6d575c3-adce-4045-9b61-bbddff768540,"Himalaya","Himalaya Hello Energy","https://cloudinary.images-iherb.com/image/upload/f_auto,q_auto:eco/images/him/him06534/u/44.jpg",iherb
8c1091a8-4237-4d53-818f-330829d68fde,"Innate Response Formulas","Innate Response Formulas Iron Response","https://cloudinary.images-iherb.com/image/upload/f_auto,q_auto:eco/images/inn/inn40010/u/39.jpg",iherb
5defea94-a2a6-4305-933a-89bafac1b312,"Innate Response Formulas","Innate Response Formulas Men Over 40 One Daily Iron Free","https://cloudinary.images-iherb.com/image/upload/f_auto,q_auto:eco/images/inn/inn40125/u/36.jpg",iherb
bd85d5c2-b72d-459c-be84-c6e269585ab6,"Irwin Naturals","Irwin Naturals Only One Liquid-Gel Multi Without Iron","https://cloudinary.images-iherb.com/image/upload/f_auto,q_auto:eco/images/irw/irw57739/u/45.jpg",iherb
ecb993de-0d14-4b4b-b42f-5d983fa754c3,"Irwin Naturals","Irwin Naturals Mega D3 & K2 + Turmeric Extract","https://cloudinary.images-iherb.com/image/upload/f_auto,q_auto:eco/images/irw/irw59201/u/50.jpg",iherb
c28327fa-ab73-4569-a7f3-e7f8e4a344b7,"Jigsaw Health","Jigsaw Health Collagen Boost Unflavored","https://cloudinary.images-iherb.com/image/upload/f_auto,q_auto:eco/images/jig/jig00217/u/8.jpg",iherb
fe9cb989-d37a-45bd-b63c-1315597a1b8d,"Jarrow Formulas","Jarrow Formulas Vitamin D3 125 mcg 5000 IU","https://cloudinary.images-iherb.com/image/upload/f_auto,q_auto:eco/images/jrw/jrw30005/u/59.jpg",iherb
7f203910-6b2c-4c64-ad2a-4ecfbc1e86f3,"Kirkman","Kirkman Buffered Vitamin C Powder Unflavored","https://cloudinary.images-iherb.com/image/upload/f_auto,q_auto:eco/images/kim/kim02171/u/51.jpg",iherb
bbb7a857-0502-4000-8695-932cd3aca9af,"Little DaVinci","Little DaVinci KiddOmega-3 Tasty Cherry Orange Flavor","https://cloudinary.images-iherb.com/image/upload/f_auto,q_auto:eco/images/ldv/ldv01409/u/25.jpg",iherb
a3b16525-76a0-4af8-823d-5338777a7fdc,"Life Extension","Life Extension Zinc Caps 50 mg","https://cloudinary.images-iherb.com/image/upload/f_auto,q_auto:eco/images/lex/lex18139/u/125.jpg",iherb
d6e083a3-241f-45f4-924d-fc74447fc60e,"Life Extension","Life Extension Super Omega-3","https://cloudinary.images-iherb.com/image/upload/f_auto,q_auto:eco/images/lex/lex19836/u/116.jpg",iherb
ca365572-f626-4c7d-aa95-782d87293db6,"Life Extension","Life Extension Super Omega-3 EPA/DHA With Sesame Lignans & Olive Fruit Extract","https://cloudinary.images-iherb.com/image/upload/f_auto,q_auto:eco/images/lex/lex19862/u/152.jpg",iherb
bd685cc9-bc55-4a40-90d5-e6eb32c7c647,"Life Extension","Life Extension ArthroMax","https://cloudinary.images-iherb.com/image/upload/f_auto,q_auto:eco/images/lex/lex22386/u/100.jpg",iherb
373b3ddb-7d85-4993-992c-5ccddaaebf58,"Legion","Legion Triumph Men's Sport Multivitamin","https://cloudinary.images-iherb.com/image/upload/f_auto,q_auto:eco/images/lga/lga61360/u/8.jpg",iherb
a2caaf50-9e29-4ffa-87b5-48629200ee12,"Lake Avenue Nutrition","Lake Avenue Nutrition Vitamin C Quali-C","https://cloudinary.images-iherb.com/image/upload/f_auto,q_auto:eco/images/lkn/lkn01855/u/10.jpg",iherb
dfda69a7-884e-4b4b-a83b-b2f86daafe4f,"Mason Natural","Mason Natural Fish Oil 1000 mg","https://cloudinary.images-iherb.com/image/upload/f_auto,q_auto:eco/images/mav/mav12232/u/72.jpg",iherb
b4e2f8c1-21f9-4287-9b8f-501861f7cba1,"Mason Natural","Mason Natural Fish Oil 1000 mg","https://cloudinary.images-iherb.com/image/upload/f_auto,q_auto:eco/images/mav/mav12235/u/60.jpg",iherb
1d7175d8-15bc-4877-920c-6ac47ed5ced3,"Mason Natural","Mason Natural Glucosamine & Fish Oil","https://cloudinary.images-iherb.com/image/upload/f_auto,q_auto:eco/images/mav/mav14149/u/25.jpg",iherb
4e52853a-df12-4673-90e1-85cc808e253c,"Mason Natural","Mason Natural Fish Oil 1000 mg","https://cloudinary.images-iherb.com/image/upload/f_auto,q_auto:eco/images/mav/mav14638/u/24.jpg",iherb
a6765819-a4d1-4a3c-a1db-d9e707a2da00,"Mason Natural","Mason Natural Fish Oil 1200 mg","https://cloudinary.images-iherb.com/image/upload/f_auto,q_auto:eco/images/mav/mav14922/u/8.jpg",iherb
e995eedf-465e-41f1-bd66-3851300112fe,"Mason Natural","Mason Natural Vitrum 50+ Adult-Multi Iron Free","https://cloudinary.images-iherb.com/image/upload/f_auto,q_auto:eco/images/mav/mav18151/u/8.jpg",iherb
29bacce3-b584-461e-9e86-76fd34b64ba1,"Mason Natural","Mason Natural Vitrum 50+ Adult-Multi Iron Free","https://cloudinary.images-iherb.com/image/upload/f_auto,q_auto:eco/images/mav/mav18157/u/8.jpg",iherb
b0c14dd3-cf3f-46f9-ac8c-b57016d3816e,"Metabolic Maintenance","Metabolic Maintenance Buffered Vitamin C 1000 mg","https://cloudinary.images-iherb.com/image/upload/f_auto,q_auto:eco/images/mbm/mbm00230/u/112.jpg",iherb
ae747dc5-7c21-4453-884a-02c0aa9f5e52,"Metabolic Maintenance","Metabolic Maintenance Cal/Mag/Zinc Complex","https://cloudinary.images-iherb.com/image/upload/f_auto,q_auto:eco/images/mbm/mbm00407/u/12.jpg",iherb
be01be84-cc22-4522-ace5-c93e3c287948,"Metabolic Maintenance","Metabolic Maintenance Vitamin D-3 with Vitamin K-2 MenaQ7","https://cloudinary.images-iherb.com/image/upload/f_auto,q_auto:eco/images/mbm/mbm00511/u/44.jpg",iherb
ade90774-2687-4a85-bae2-71882de9e65f,"Metabolic Maintenance","Metabolic Maintenance The Big One without Iron","https://cloudinary.images-iherb.com/image/upload/f_auto,q_auto:eco/images/mbm/mbm00520/u/64.jpg",iherb
697bd65f-4ca2-4ff4-8393-b5ea56f55ae1,"Metabolic Maintenance","Metabolic Maintenance Little One","https://cloudinary.images-iherb.com/image/upload/f_auto,q_auto:eco/images/mbm/mbm00522/u/13.jpg",iherb
864b03d4-e3b2-4caa-93c1-6e6d864d5267,"Dr. Mercola","Dr. Mercola Liposomal Vitamin C","https://cloudinary.images-iherb.com/image/upload/f_auto,q_auto:eco/images/mcl/mcl01559/u/42.jpg",iherb
f8a9daa0-de86-48cb-b718-a796ea091f88,"Dr. Mercola","Dr. Mercola Organic Ashwagandha","https://cloudinary.images-iherb.com/image/upload/f_auto,q_auto:eco/images/mcl/mcl01848/u/26.jpg",iherb
aff3f4fa-fdf1-473f-ab4c-e419ee4c3b97,"Dr. Mercola","Dr. Mercola Calcium with Vitamins D3 & K2","https://cloudinary.images-iherb.com/image/upload/f_auto,q_auto:eco/images/mcl/mcl01994/u/42.jpg",iherb
ca3aea39-ca09-4536-88f9-312e88ea3649,"Dr. Mercola","Dr. Mercola Calcium with Vitamins D3 & K2","https://cloudinary.images-iherb.com/image/upload/f_auto,q_auto:eco/images/mcl/mcl01995/u/42.jpg",iherb
d09aad0a-5dfd-452d-9882-cafae3109b50,"Dr. Mercola","Dr. Mercola Organic Bone Broth Collagen from Beef","https://cloudinary.images-iherb.com/image/upload/f_auto,q_auto:eco/images/mcl/mcl03248/u/8.jpg",iherb
db06274d-a352-481c-812d-99001f365d0a,"Dr. Mercola","Dr. Mercola Silica Collagen Builder","https://cloudinary.images-iherb.com/image/upload/f_auto,q_auto:eco/images/mcl/mcl03644/u/24.jpg",iherb
b96f2e01-5ecf-47e2-b1f7-2cd13b996b05,"Dr. Mercola","Dr. Mercola Collagen Complex","https://cloudinary.images-iherb.com/image/upload/f_auto,q_auto:eco/images/mcl/mcl03838/u/24.jpg",iherb
ce06c366-e170-48bf-9372-e0216221aa50,"MegaFood","MegaFood One Daily","https://cloudinary.images-iherb.com/image/upload/f_auto,q_auto:eco/images/mgf/mgf10103/u/31.jpg",iherb
c8223eb3-0e43-4b63-a7ce-21c6c675aae4,"MegaFood","MegaFood Vitamin D3 2000 IU","https://cloudinary.images-iherb.com/image/upload/f_auto,q_auto:eco/images/mgf/mgf10222/u/63.jpg",iherb
380d5af9-815f-48c4-a108-2dec2a2a89a9,"MegaFood","MegaFood Men's","https://cloudinary.images-iherb.com/image/upload/f_auto,q_auto:eco/images/mgf/mgf10265/u/104.jpg",iherb
44e3c9c4-8adb-454a-a0de-d47f5d3a78c5,"MegaFood","MegaFood Women's","https://cloudinary.images-iherb.com/image/upload/f_auto,q_auto:eco/images/mgf/mgf10267/u/66.jpg",iherb
ec04c1ed-3ea7-4b91-8bbd-baff4a36fcb0,"MegaFood","MegaFood Men's","https://cloudinary.images-iherb.com/image/upload/f_auto,q_auto:eco/images/mgf/mgf10321/u/97.jpg",iherb
45286ecc-d8fa-40b0-9386-c2d29fdb8d74,"MegaFood","MegaFood Blood Builder","https://cloudinary.images-iherb.com/image/upload/f_auto,q_auto:eco/images/mgf/mgf10337/u/66.jpg",iherb
cd5a6cc0-6adf-43db-9fdb-9bb14ef9626c,"MH Michael's Health Naturopathic Programs","MH Michael's Health Naturopathic Programs For Men Multivitamin Capsules","https://cloudinary.images-iherb.com/image/upload/f_auto,q_auto:eco/images/mhn/mhn04003/u/8.jpg",iherb
b9dc3bab-9049-4c31-baee-dfc22629fc5a,"MH Michael's Health Naturopathic Programs","MH Michael's Health Naturopathic Programs Teen Boys Multivitamin Tablets","https://cloudinary.images-iherb.com/image/upload/f_auto,q_auto:eco/images/mhn/mhn04110/u/104.jpg",iherb
0f47a6df-6e8e-4644-8c64-f5021e6e5f5d,"MH Michael's Health Naturopathic Programs","MH Michael's Health Naturopathic Programs For Women Multivitamin Capsules","https://cloudinary.images-iherb.com/image/upload/f_auto,q_auto:eco/images/mhn/mhn04303/u/8.jpg",iherb
1c2e6613-3a26-44d4-b54c-5d3ccbd9af17,"MH Michael's Health Naturopathic Programs","MH Michael's Health Naturopathic Programs Pre-Teen Girls Multivitamin Tablets","https://cloudinary.images-iherb.com/image/upload/f_auto,q_auto:eco/images/mhn/mhn04500/u/8.jpg",iherb
c71b3d50-6e4d-4b4d-aab9-486982711d86,"MuscleMeds","MuscleMeds Creatine Decanate Unflavored","https://cloudinary.images-iherb.com/image/upload/f_auto,q_auto:eco/images/mme/mme00260/u/8.jpg",iherb
c4e99873-f93e-440e-8ca1-ba5a9b4842d3,"APS","APS Creatine Monohydrate 500g","https://cloudinary.images-iherb.com/image/upload/f_auto,q_auto:eco/images/mph/mph89772/u/8.jpg",iherb
d4a3964d-14a4-4697-9155-c2e934f289f4,"MRM Nutrition","MRM Nutrition Creatine Monohydrate 500","https://cloudinary.images-iherb.com/image/upload/f_auto,q_auto:eco/images/mrm/mrm71002/u/24.jpg",iherb
01495944-5b74-4732-8822-970ea1a77bb3,"Metagenics","Metagenics Hemagenics","https://cloudinary.images-iherb.com/image/upload/f_auto,q_auto:eco/images/mtg/mtg01817/u/25.jpg",iherb
a9b22a61-a753-4906-8c64-bf3821098e52,"Metagenics","Metagenics Hemagenics","https://cloudinary.images-iherb.com/image/upload/f_auto,q_auto:eco/images/mtg/mtg01825/u/25.jpg",iherb
aaaf926b-5ffa-426c-90de-e78f8a8e106c,"Metagenics","Metagenics Multigenics","https://cloudinary.images-iherb.com/image/upload/f_auto,q_auto:eco/images/mtg/mtg02451/u/57.jpg",iherb
9091960f-f0cd-4718-a8df-be74ec6f4cb5,"Nature's Plus","Nature's Plus Esterified Vitamin C 675 mg","https://cloudinary.images-iherb.com/image/upload/f_auto,q_auto:eco/images/nap/nap02212/u/37.jpg",iherb
f5b7c7a4-f123-4211-99da-c5898cf32c36,"Nature's Plus","Nature's Plus Ultra Prenatal","https://cloudinary.images-iherb.com/image/upload/f_auto,q_auto:eco/images/nap/nap03084/u/25.jpg",iherb
752c2322-ba20-4e17-9622-f0021d5d3bfb,"Nature's Plus","Nature's Plus Ultra Prenatal Multivitamin","https://cloudinary.images-iherb.com/image/upload/f_auto,q_auto:eco/images/nap/nap03085/u/63.jpg",iherb
7a23e94d-c73d-402d-b35b-a462031b94bd,"Nature's Plus","Nature's Plus Magnesium 200 mg","https://cloudinary.images-iherb.com/image/upload/f_auto,q_auto:eco/images/nap/nap03350/u/38.jpg",iherb
e6f325c2-9178-4053-b80f-6a997bcb7ea6,"Nature's Plus","Nature's Plus Activated Coral Calcium","https://cloudinary.images-iherb.com/image/upload/f_auto,q_auto:eco/images/nap/nap03723/u/60.jpg",iherb
77511fcc-2988-4ea3-aa0f-121ed7b6d7ef,"Nature's Plus","Nature's Plus Ultra Omega 3/6/9","https://cloudinary.images-iherb.com/image/upload/f_auto,q_auto:eco/images/nap/nap03969/u/54.jpg",iherb
ebda47d1-e262-44c5-9fbe-40f7ebcfb3a4,"Nature's Plus","Nature's Plus Vitamin D3 1000 IU Gummies Mixed Berry","https://cloudinary.images-iherb.com/image/upload/f_auto,q_auto:eco/images/nap/nap10404/u/25.jpg",iherb
a26b713f-4223-409d-8f70-bffb5e6ad6bf,"NATURELO","NATURELO Whole Food Multivitamin for Men","https://cloudinary.images-iherb.com/image/upload/f_auto,q_auto:eco/images/nau/nau62842/u/68.jpg",iherb
edb18a94-bd70-4f87-aaa7-265c5fc08845,"Nature's Craft","Nature's Craft Fish Oil","https://cloudinary.images-iherb.com/image/upload/f_auto,q_auto:eco/images/nca/nca59946/u/24.jpg",iherb
5c78dc64-7eb2-48cb-81c6-1b1f422b4766,"Nature's Craft","Nature's Craft Kids Omega + DHA Gummies","https://cloudinary.images-iherb.com/image/upload/f_auto,q_auto:eco/images/nca/nca59977/u/44.jpg",iherb
d23b0956-0171-48ce-b515-528ac4dc53e8,"New Chapter","New Chapter Bone Strength Take Care","https://cloudinary.images-iherb.com/image/upload/f_auto,q_auto:eco/images/ncr/ncr00412/u/12.jpg",iherb
a4532169-b7c6-477a-af16-7d48d457d02f,"New Chapter","New Chapter Wholemega Fish Oil","https://cloudinary.images-iherb.com/image/upload/f_auto,q_auto:eco/images/ncr/ncr05002/u/96.jpg",iherb
060b10b2-0657-4f92-93fa-5f3473cef5f7,"New Chapter","New Chapter Wholemega Fish Oil","https://cloudinary.images-iherb.com/image/upload/f_auto,q_auto:eco/images/ncr/ncr05003/u/87.jpg",iherb
83213700-f679-4841-bf81-67ea4eaafb95,"New Chapter","New Chapter Wholemega Fish Oil for Moms","https://cloudinary.images-iherb.com/image/upload/f_auto,q_auto:eco/images/ncr/ncr90195/u/89.jpg",iherb
cbcd6db0-2616-4a10-93f6-944c6095c2a1,"Nutricost","Nutricost Whey Protein Concentrate 25 g Unflavored","https://cloudinary.images-iherb.com/image/upload/f_auto,q_auto:eco/images/ncs/ncs57222/u/8.jpg",iherb
9aeccae7-70b0-44a3-8e91-9437ad8b0a83,"Nutricost","Nutricost Collagen Hydrolysate 11 g Salted Caramel","https://cloudinary.images-iherb.com/image/upload/f_auto,q_auto:eco/images/ncs/ncs67112/u/24.jpg",iherb
bcd29305-ccf4-47a6-bc27-d1b8601e6494,"Nutricost","Nutricost Whey Protein Isolate 30 g Chocolate PB","https://cloudinary.images-iherb.com/image/upload/f_auto,q_auto:eco/images/ncs/ncs67135/u/8.jpg",iherb
b67f497f-18c9-4347-8d12-8476cb05ba9f,"Nutricost","Nutricost Iron 65 mg","https://cloudinary.images-iherb.com/image/upload/f_auto,q_auto:eco/images/ncs/ncs67270/u/8.jpg",iherb
bff952d4-3535-4798-8d30-2427c53bea4d,"Nutricost","Nutricost Acai","https://cloudinary.images-iherb.com/image/upload/f_auto,q_auto:eco/images/ncs/ncs67487/u/8.jpg",iherb
b034c4d4-b2ae-4507-8eb6-0c0f6d23f462,"Nutricost","Nutricost Whey Protein Isolate 30 g Vanilla","https://cloudinary.images-iherb.com/image/upload/f_auto,q_auto:eco/images/ncs/ncs67540/u/8.jpg",iherb
e702fbd6-73d4-465f-98cf-10248190aaa9,"Nutricost","Nutricost Grass-Fed Whey Protein Isolate 30 g Milk Chocolate","https://cloudinary.images-iherb.com/image/upload/f_auto,q_auto:eco/images/ncs/ncs67561/u/8.jpg",iherb
63e3c54d-a48c-49e2-974a-9903395f0f63,"Nature Made","Nature Made Vitamin C 500 mg","https://cloudinary.images-iherb.com/image/upload/f_auto,q_auto:eco/images/ndm/ndm01881/u/8.jpg",iherb
fcc2cfde-4df8-46cf-9f80-a05073102a12,"Nature Made","Nature Made Fish Oil 1200 mg","https://cloudinary.images-iherb.com/image/upload/f_auto,q_auto:eco/images/ndm/ndm02657/u/19.jpg",iherb
13d87aab-e65f-47c2-8739-7eb7cba622be,"Nature Made","Nature Made Calcium 500 mg With Vitamin D3 400 IU","https://cloudinary.images-iherb.com/image/upload/f_auto,q_auto:eco/images/ndm/ndm02683/u/8.jpg",iherb
13a6a88c-a6cf-43cb-8890-c0b2eefd8baa,"Nature Made","Nature Made Super B-Complex","https://cloudinary.images-iherb.com/image/upload/f_auto,q_auto:eco/images/ndm/ndm02727/u/30.jpg",iherb
97e171b2-9b8e-4853-9e3a-f583d83451a8,"Nature Made","Nature Made Postnatal Multi + DHA","https://cloudinary.images-iherb.com/image/upload/f_auto,q_auto:eco/images/ndm/ndm02837/u/8.jpg",iherb
d4b4ac5f-f28e-481a-9579-fc6397b48632,"natural Factors","natural Factors Vitamin C 1000 mg","https://cloudinary.images-iherb.com/image/upload/f_auto,q_auto:eco/images/nfs/nfs01344/u/46.jpg",iherb
83bcaa64-f35e-46f4-a8bd-dadab7bc7e12,"natural Factors","natural Factors BioCgel","https://cloudinary.images-iherb.com/image/upload/f_auto,q_auto:eco/images/nfs/nfs01353/u/51.jpg",iherb
c46d8428-0cb6-4525-8e61-b84aaa8c2306,"natural Factors","natural Factors Calcium & Magnesium","https://cloudinary.images-iherb.com/image/upload/f_auto,q_auto:eco/images/nfs/nfs35505/u/15.jpg",iherb
79d92bb7-fed6-4c34-ba80-384910f9c96c,"natural Factors","natural Factors SeaRich Omega-3 Delicious Lemon Meringue","https://cloudinary.images-iherb.com/image/upload/f_auto,q_auto:eco/images/nfs/nfs35740/u/27.jpg",iherb
f2bbf03e-c46e-4faf-8a44-c17858d93d16,"NutraChamps","NutraChamps Ashwagandha","https://cloudinary.images-iherb.com/image/upload/f_auto,q_auto:eco/images/nhp/nhp99960/u/24.jpg",iherb
9ec3cc4a-75d3-4a6f-a654-ccfb8c6787a9,"New Nordic","New Nordic Skin Care","https://cloudinary.images-iherb.com/image/upload/f_auto,q_auto:eco/images/nno/nno91970/u/43.jpg",iherb
1f874d72-60be-466b-b6c5-7cec8a5fd20f,"Nordic Naturals","Nordic Naturals Algae DHA","https://cloudinary.images-iherb.com/image/upload/f_auto,q_auto:eco/images/nor/nor01604/u/101.jpg",iherb
3cc2ccb8-37aa-44f4-b0d6-1f4a44a05518,"Nordic Naturals","Nordic Naturals DHA XTRA Strawberry Flavor","https://cloudinary.images-iherb.com/image/upload/f_auto,q_auto:eco/images/nor/nor01745/u/90.jpg",iherb
fb31ba14-e072-4c77-965d-b3242ab236cc,"Nordic Naturals","Nordic Naturals Postnatal Omega-3 Lemon","https://cloudinary.images-iherb.com/image/upload/f_auto,q_auto:eco/images/nor/nor01758/u/70.jpg",iherb
780bc6ee-2b94-494b-86fe-2fb8569ee363,"Nordic Naturals","Nordic Naturals Omega-3D Lemon","https://cloudinary.images-iherb.com/image/upload/f_auto,q_auto:eco/images/nor/nor01761/u/120.jpg",iherb
9b659937-ea5c-486e-a7f1-0064eb314d30,"Nordic Naturals","Nordic Naturals Ultimate Omega-D3 Lemon","https://cloudinary.images-iherb.com/image/upload/f_auto,q_auto:eco/images/nor/nor02794/u/92.jpg",iherb
d8cb0fbd-d1e1-420c-8381-0510d9d1668e,"Nordic Naturals","Nordic Naturals Nordic Omega-3 Gummies Tangerine","https://cloudinary.images-iherb.com/image/upload/f_auto,q_auto:eco/images/nor/nor30130/u/50.jpg",iherb
4d4d5c86-0f20-40db-92d2-f0760ea2b8c4,"Nordic Naturals","Nordic Naturals ProDHA Eye 360 EPA/845 DHA","https://cloudinary.images-iherb.com/image/upload/f_auto,q_auto:eco/images/nor/nor50095/u/47.jpg",iherb
e85bc20d-e562-4888-8f12-b88009c38a7c,"Nordic Naturals","Nordic Naturals Baby's DHA","https://cloudinary.images-iherb.com/image/upload/f_auto,q_auto:eco/images/nor/nor53787/u/170.jpg",iherb
6a45002c-f7db-4f37-a313-d66c349300ca,"NOW","NOW EcoGreen Multi Iron-Free","https://cloudinary.images-iherb.com/image/upload/f_auto,q_auto:eco/images/now/now03788/u/32.jpg",iherb
b2586f76-1fa4-4f79-9f45-177223865f5d,"NutraBio","NutraBio BCAA 5000 Blue Raspberry","https://cloudinary.images-iherb.com/image/upload/f_auto,q_auto:eco/images/nrb/nrb26840/u/24.jpg",iherb
fdcdd95f-a762-48f4-ad52-db08435383c3,"NutraBio","NutraBio KSM-66 Ashwagandha","https://cloudinary.images-iherb.com/image/upload/f_auto,q_auto:eco/images/nrb/nrb26876/u/48.jpg",iherb
aa25f226-6ed9-4140-b030-3c78e9cb3490,"NutraBio","NutraBio 100% Whey Protein Isolate Alpine Vanilla","https://cloudinary.images-iherb.com/image/upload/f_auto,q_auto:eco/images/nrb/nrb50031/u/16.jpg",iherb
07dc695e-ad8f-4ebf-ae66-15b5d0265273,"Nature's Bounty","Nature's Bounty Vitamin C-500 mg","https://cloudinary.images-iherb.com/image/upload/f_auto,q_auto:eco/images/nrt/nrt01474/u/41.jpg",iherb
0b9843ae-6433-4e56-9d8e-b33472a8ddf4,"Nature's Bounty","Nature's Bounty Vitamin C-1000 mg","https://cloudinary.images-iherb.com/image/upload/f_auto,q_auto:eco/images/nrt/nrt01707/u/39.jpg",iherb
26d602c8-0b0d-48f0-90ac-fbd5e455f7d4,"Nature's Bounty","Nature's Bounty Fish Oil 1000 mg","https://cloudinary.images-iherb.com/image/upload/f_auto,q_auto:eco/images/nrt/nrt03822/u/66.jpg",iherb
c0653246-14aa-4ea9-9702-244bf80fa31d,"Nature's Bounty","Nature's Bounty Calcium 600 with Vitamin D3","https://cloudinary.images-iherb.com/image/upload/f_auto,q_auto:eco/images/nrt/nrt04233/u/31.jpg",iherb
e372ad7f-ae3f-4c29-8847-0c7202810d31,"Nature's Bounty","Nature's Bounty Cranberry with Vitamin C","https://cloudinary.images-iherb.com/image/upload/f_auto,q_auto:eco/images/nrt/nrt04363/u/60.jpg",iherb
f0049edb-ed7f-47e0-af7d-4f1368c5d034,"Nature's Bounty","Nature's Bounty Calcium 500 mg with Vitamin D3","https://cloudinary.images-iherb.com/image/upload/f_auto,q_auto:eco/images/nrt/nrt07087/u/41.jpg",iherb
dd0229f8-d2ee-4127-84b8-f0712716d206,"Nature's Bounty","Nature's Bounty Fish Oil 1200 mg","https://cloudinary.images-iherb.com/image/upload/f_auto,q_auto:eco/images/nrt/nrt13102/u/41.jpg",iherb
a73a0404-5e19-4417-9645-aa987a9155a5,"Nature's Bounty","Nature's Bounty B-Complex with Folic Acid plus Vitamin C","https://cloudinary.images-iherb.com/image/upload/f_auto,q_auto:eco/images/nrt/nrt13168/u/66.jpg",iherb
df3ee71c-aada-428a-a1fc-cf5a2eaee4ca,"Nature's Bounty","Nature's Bounty Calcium 1200 mg Plus 25 mcg (1000 IU) Vitamin D3","https://cloudinary.images-iherb.com/image/upload/f_auto,q_auto:eco/images/nrt/nrt13437/u/57.jpg",iherb
ecc4c86a-acfe-4ada-9a5e-47061e0299fa,"Nature's Bounty","Nature's Bounty Fish Oil + D3","https://cloudinary.images-iherb.com/image/upload/f_auto,q_auto:eco/images/nrt/nrt19405/u/65.jpg",iherb
65c4434d-5e61-4639-afa0-95104f8aa8d5,"Nature's Bounty","Nature's Bounty Magnesium 500 mg","https://cloudinary.images-iherb.com/image/upload/f_auto,q_auto:eco/images/nrt/nrt53086/u/47.jpg",iherb
637d1b86-575d-46af-8832-4dbddb327817,"Nature's Truth","Nature's Truth Iron 65 mg","https://cloudinary.images-iherb.com/image/upload/f_auto,q_auto:eco/images/nth/nth10134/u/24.jpg",iherb
c6e1e973-d60e-4d62-88a8-5802322b0920,"Nature's Truth","Nature's Truth Double Strength Glucosamine Chondroitin MSM & Turmeric Complex","https://cloudinary.images-iherb.com/image/upload/f_auto,q_auto:eco/images/nth/nth10597/u/24.jpg",iherb
8228f6fc-3cfe-4f2f-885f-907b0d1925c7,"Nature's Truth","Nature's Truth ABC Complete","https://cloudinary.images-iherb.com/image/upload/f_auto,q_auto:eco/images/nth/nth10611/u/8.jpg",iherb
c9cce628-54f7-4a44-a62e-49e4702b512a,"Nature's Truth","Nature's Truth DHA 1000 mg","https://cloudinary.images-iherb.com/image/upload/f_auto,q_auto:eco/images/nth/nth12151/u/24.jpg",iherb
be8983d6-283d-46d7-a7b6-446266550210,"Nature's Secret","Nature's Secret Women's 73 Nutrient Soft-Gel Multi","https://cloudinary.images-iherb.com/image/upload/f_auto,q_auto:eco/images/nts/nts50093/u/65.jpg",iherb
f8b43340-85ef-4ad4-86bf-c443431653a7,"NatureWise","NatureWise Omega-3 1000 mg Plus Vitamin E","https://cloudinary.images-iherb.com/image/upload/f_auto,q_auto:eco/images/ntw/ntw00760/u/8.jpg",iherb
e8211609-9262-4df4-b9e7-c16d7c7fcb52,"NatureWise","NatureWise Omega-3 1000 mg Plus Vitamin E","https://cloudinary.images-iherb.com/image/upload/f_auto,q_auto:eco/images/ntw/ntw00765/u/8.jpg",iherb
f714058f-4049-456f-9216-957581746c9d,"Bayer One A Day","Bayer One A Day Prenatal 1","https://cloudinary.images-iherb.com/image/upload/f_auto,q_auto:eco/images/oad/oad56010/u/12.jpg",iherb
eb731291-f2b8-4ea2-9bc0-e89d25d36172,"Bayer One A Day","Bayer One A Day Proactive 65+ for Men & Women","https://cloudinary.images-iherb.com/image/upload/f_auto,q_auto:eco/images/oad/oad56164/u/46.jpg",iherb
18b5396a-b546-4c78-a286-054f03610ce5,"Bayer One A Day","Bayer One A Day Men's 50+ Complete Multivitamin","https://cloudinary.images-iherb.com/image/upload/f_auto,q_auto:eco/images/oad/oad58694/u/12.jpg",iherb
e7218412-0cd8-4a93-a327-9c9fcb7c0e0a,"Organic Traditions","Organic Traditions Ashwagandha Root Powder","https://cloudinary.images-iherb.com/image/upload/f_auto,q_auto:eco/images/ogt/ogt00391/u/10.jpg",iherb
dc4decde-986f-4bf1-b7cd-aa70c410e47b,"Optimum Nutrition","Optimum Nutrition Gold Standard 100% Whey Chocolate","https://cloudinary.images-iherb.com/image/upload/f_auto,q_auto:eco/images/opn/opn02232/u/50.jpg",iherb
ea5d00a4-7b3d-47c3-8c52-5fac561073c5,"Optimum Nutrition","Optimum Nutrition Micronized Creatine Powder Unflavored","https://cloudinary.images-iherb.com/image/upload/f_auto,q_auto:eco/images/opn/opn02384/u/68.jpg",iherb
d18347ae-8425-44e9-8196-7349e5fd84af,"Organic India","Organic India Ashwagandha","https://cloudinary.images-iherb.com/image/upload/f_auto,q_auto:eco/images/ori/ori00016/u/43.jpg",iherb
825a6b33-15c2-48aa-a31f-1a44e23cb5ed,"Organic India","Organic India Turmeric Formula Joint Mobility & Support","https://cloudinary.images-iherb.com/image/upload/f_auto,q_auto:eco/images/ori/ori51248/u/45.jpg",iherb
c4a22504-8340-4be4-9822-08d67500550a,"Oregon's Wild Harvest","Oregon's Wild Harvest Biodynamic Ashwagandha Extract","https://cloudinary.images-iherb.com/image/upload/f_auto,q_auto:eco/images/owh/owh17321/u/20.jpg",iherb
9b615cab-23c7-4dab-837c-e275a6acf991,"Paradise","Paradise Collagen Extreme","https://cloudinary.images-iherb.com/image/upload/f_auto,q_auto:eco/images/par/par77864/u/55.jpg",iherb
7aef5c93-a401-4164-97e8-4f9c1de9c077,"Pure Encapsulations","Pure Encapsulations EPA/DHA Essentials","https://cloudinary.images-iherb.com/image/upload/f_auto,q_auto:eco/images/pes/pes00282/u/11.jpg",iherb
406fe82c-0b0e-40d0-a792-622ef13d8236,"Physician's Choice","Physician's Choice Thin 30 Probiotic","https://cloudinary.images-iherb.com/image/upload/f_auto,q_auto:eco/images/phc/phc00818/u/101.jpg",iherb
fb017e79-5f8a-4033-a5ad-73b6346eb5fe,"PlantFusion","PlantFusion Complete Plant Collagen Builder Creamy Vanilla Bean","https://cloudinary.images-iherb.com/image/upload/f_auto,q_auto:eco/images/plf/plf00130/u/43.jpg",iherb
e904d28d-573c-4f9c-ab84-36a2887e32ea,"Purely Inspired","Purely Inspired Collagen Peptides Unflavored","https://cloudinary.images-iherb.com/image/upload/f_auto,q_auto:eco/images/ply/ply71276/u/115.jpg",iherb
c2a8743a-17ec-4fe0-be43-47c72e5112c4,"Protocol for Life Balance","Protocol for Life Balance DHA-1000 1000 mg","https://cloudinary.images-iherb.com/image/upload/f_auto,q_auto:eco/images/prt/prt11614/u/8.jpg",iherb
a67e3cea-b853-4005-9333-96bf97d65c58,"Protocol for Life Balance","Protocol for Life Balance Molecularly Distilled Ultra Omega 3-D","https://cloudinary.images-iherb.com/image/upload/f_auto,q_auto:eco/images/prt/prt11661/u/54.jpg",iherb
33447b82-107a-4ec6-a5a1-98bf51250b80,"Planetary Herbals","Planetary Herbals Inflama-Care","https://cloudinary.images-iherb.com/image/upload/f_auto,q_auto:eco/images/ptf/ptf10656/u/8.jpg",iherb
d2650354-abd8-41f5-b13e-a458952db4b0,"Reserveage Beauty","Reserveage Beauty Collagen Booster","https://cloudinary.images-iherb.com/image/upload/f_auto,q_auto:eco/images/rea/rea97864/u/67.jpg",iherb
c7baf27c-a776-4dd0-a070-a2899d75c7ef,"Ritual","Ritual Essential for Men","https://cloudinary.images-iherb.com/image/upload/f_auto,q_auto:eco/images/rit/rit97502/u/8.jpg",iherb
ec2f154a-b24b-4f7c-8772-81bdb6ff268f,"Rainbow Light","Rainbow Light Magnesium Calcium+","https://cloudinary.images-iherb.com/image/upload/f_auto,q_auto:eco/images/rlt/rlt10101/u/49.jpg",iherb
f30a0f10-27b8-4c7c-9305-e0b4c9a2a06e,"Rainbow Light","Rainbow Light Magnesium Calcium+","https://cloudinary.images-iherb.com/image/upload/f_auto,q_auto:eco/images/rlt/rlt10102/u/39.jpg",iherb
ba6fe077-1f23-4de3-8e82-56a5f147a114,"Rainbow Light","Rainbow Light Calcium with Magnesium & Vitamin D3","https://cloudinary.images-iherb.com/image/upload/f_auto,q_auto:eco/images/rlt/rlt10952/u/57.jpg",iherb
c7ffe6fb-6fde-43a3-a4bc-4ebfbcf92963,"Sunergetic","Sunergetic Collagen Peptides","https://cloudinary.images-iherb.com/image/upload/f_auto,q_auto:eco/images/sgc/sgc00804/u/24.jpg",iherb
b6650d6c-e221-4f25-82c9-7d47ccfe9917,"Seeking Health","Seeking Health Optimal Iron 29 mg with Cofactors","https://cloudinary.images-iherb.com/image/upload/f_auto,q_auto:eco/images/skh/skh52054/u/40.jpg",iherb
7db54bbf-aa83-4fc7-aad2-8b909e2bf0de,"Seeking Health","Seeking Health Trace Minerals Complex","https://cloudinary.images-iherb.com/image/upload/f_auto,q_auto:eco/images/skh/skh52126/u/50.jpg",iherb
e17cdeea-f9e3-4ad1-a46c-f1323567884a,"Seeking Health","Seeking Health Vitamin D3 + K2 Drops","https://cloudinary.images-iherb.com/image/upload/f_auto,q_auto:eco/images/skh/skh52135/u/69.jpg",iherb
c720054f-e35d-4746-81d6-83db3c60b811,"Solumeve","Solumeve Hydrolyzed Marine Collagen Peptides with Cocoa","https://cloudinary.images-iherb.com/image/upload/f_auto,q_auto:eco/images/slm/slm02019/u/30.jpg",iherb
91e56b79-9752-42c2-abdf-2dc18e069744,"Source Naturals","Source Naturals Ultra Potency Omega-3 Fish Oil","https://cloudinary.images-iherb.com/image/upload/f_auto,q_auto:eco/images/sns/sns02013/u/47.jpg",iherb
e5c5c054-14ce-457c-b0f8-09e67227efd6,"Solgar","Solgar Advanced Calcium Complex","https://cloudinary.images-iherb.com/image/upload/f_auto,q_auto:eco/images/sol/sol00028/u/70.jpg",iherb
a1ef1cba-838b-4582-bfd2-06057f9fe9fb,"Solgar","Solgar Calcium '600' from Oyster Shell with Vitamin D3","https://cloudinary.images-iherb.com/image/upload/f_auto,q_auto:eco/images/sol/sol00417/u/75.jpg",iherb
e28ce34d-8612-4dc7-9796-96e72d5fdec2,"Solgar","Solgar Calcium Magnesium Citrate","https://cloudinary.images-iherb.com/image/upload/f_auto,q_auto:eco/images/sol/sol00510/u/85.jpg",iherb
f6291b53-6905-4d8e-a315-46bf4478940c,"Solgar","Solgar Calcium Magnesium plus Zinc","https://cloudinary.images-iherb.com/image/upload/f_auto,q_auto:eco/images/sol/sol00521/u/66.jpg",iherb
e43b1a9d-cffe-455e-8f85-bfae9094531b,"Solgar","Solgar 1300 mg Omega 3-6-9 Fish Flax Borage","https://cloudinary.images-iherb.com/image/upload/f_auto,q_auto:eco/images/sol/sol02028/u/91.jpg",iherb
d468f3a8-91e1-4ac6-ac82-32ca970d16b0,"Solgar","Solgar Vitamin C 1000 mg","https://cloudinary.images-iherb.com/image/upload/f_auto,q_auto:eco/images/sol/sol03275/u/68.jpg",iherb
c8ecfc5b-a57a-4f32-baf4-b8fe48c70425,"Solaray","Solaray Vitamin C with Rose Hips & Acerola 500 mg Timed Release","https://cloudinary.images-iherb.com/image/upload/f_auto,q_auto:eco/images/sor/sor04401/u/42.jpg",iherb
95c22e46-b9ea-4981-b18d-3d8f467105e4,"Solaray","Solaray Cal-Mag Citrate","https://cloudinary.images-iherb.com/image/upload/f_auto,q_auto:eco/images/sor/sor04523/u/24.jpg",iherb
ea368579-561d-4f18-954d-1ecabf8580c7,"Solaray","Solaray Calcium Citrate 1000 mg with Vitamin D","https://cloudinary.images-iherb.com/image/upload/f_auto,q_auto:eco/images/sor/sor04583/u/8.jpg",iherb
ca4187d3-3321-4df9-a84c-27581c8deca4,"Solaray","Solaray Calcium Citrate Chewables 1000 mg Natural Orange Flavor","https://cloudinary.images-iherb.com/image/upload/f_auto,q_auto:eco/images/sor/sor04584/u/42.jpg",iherb
e093c10c-d50a-4a61-b9e3-1287f5b91a61,"Solaray","Solaray Zinc Citrate 50 mg","https://cloudinary.images-iherb.com/image/upload/f_auto,q_auto:eco/images/sor/sor47102/u/40.jpg",iherb
99740fbd-2cbc-4c6a-9406-8737900aa478,"Solaray","Solaray Once Daily High Energy Multivitamin","https://cloudinary.images-iherb.com/image/upload/f_auto,q_auto:eco/images/sor/sor47312/u/36.jpg",iherb
a731dec4-3265-44b4-bb8b-7d202f40ba1a,"Solaray","Solaray Type l ll & lll Collagen Keratin with Alpha Lipoic Acid & Hyaluronic Acid","https://cloudinary.images-iherb.com/image/upload/f_auto,q_auto:eco/images/sor/sor73799/u/52.jpg",iherb
d0bd2a14-3a17-43c1-8c80-5ea65ae9c424,"Sports Research","Sports Research Marine Collagen Unflavored","https://cloudinary.images-iherb.com/image/upload/f_auto,q_auto:eco/images/sre/sre01081/u/103.jpg",iherb
fd515510-a0eb-4cc9-9d74-dbfb85625b46,"Sports Research","Sports Research Collagen Peptides Dark Chocolate","https://cloudinary.images-iherb.com/image/upload/f_auto,q_auto:eco/images/sre/sre01097/u/64.jpg",iherb
e8ba8b90-0950-4d3e-badd-985c2f3e5d6b,"Sports Research","Sports Research D3 125 mcg + K2 100 mcg","https://cloudinary.images-iherb.com/image/upload/f_auto,q_auto:eco/images/sre/sre01134/u/86.jpg",iherb
f01af774-6efd-482a-9d08-b5a6476b9f3b,"Sports Research","Sports Research Collagen Peptides Matcha 10g","https://cloudinary.images-iherb.com/image/upload/f_auto,q_auto:eco/images/sre/sre01171/u/69.jpg",iherb
a4cce226-928a-4ac0-9e6b-82be080e31a4,"Sports Research","Sports Research Keto Omega-3 1400 mg","https://cloudinary.images-iherb.com/image/upload/f_auto,q_auto:eco/images/sre/sre01233/u/29.jpg",iherb
c91822d6-128d-437e-9605-830460ddd63a,"Sports Research","Sports Research Collagen Peptides Unflavored","https://cloudinary.images-iherb.com/image/upload/f_auto,q_auto:eco/images/sre/sre01264/u/35.jpg",iherb
caf15965-77e3-463b-a8d7-6cd9d30e795f,"Sports Research","Sports Research Omega-3 1055 mg Fish Oil 1250 mg","https://cloudinary.images-iherb.com/image/upload/f_auto,q_auto:eco/images/sre/sre09167/u/8.jpg",iherb
a72dacfa-6ee7-4558-8061-82ef8d235563,"Sunwarrior","Sunwarrior Collagen Building Protein Peptides Churro Flavor","https://cloudinary.images-iherb.com/image/upload/f_auto,q_auto:eco/images/suw/suw02841/u/8.jpg",iherb
d39a87e6-b13d-4601-8172-f4c83c4178c7,"Sunwarrior","Sunwarrior Collagen Building Protein Peptides Coffee Flavor","https://cloudinary.images-iherb.com/image/upload/f_auto,q_auto:eco/images/suw/suw92007/u/8.jpg",iherb
fabac1f9-12d9-44dc-adb4-79b4597b1c4c,"Swanson","Swanson Calcium Citrate Plus Magnesium","https://cloudinary.images-iherb.com/image/upload/f_auto,q_auto:eco/images/swv/swv01180/u/24.jpg",iherb
f8f98cf5-2d0a-46e5-9546-c6dd8067c96a,"Swanson","Swanson Buffered Vitamin C with Bioflavonoids","https://cloudinary.images-iherb.com/image/upload/f_auto,q_auto:eco/images/swv/swv01944/u/24.jpg",iherb
c8114789-cd29-469b-9383-664c5d72f0e8,"Swanson","Swanson Albion Multi-Mineral with Iron","https://cloudinary.images-iherb.com/image/upload/f_auto,q_auto:eco/images/swv/swv02062/u/24.jpg",iherb
d6965706-d1a7-41f3-b9c6-46e95f8cd760,"Swanson","Swanson C","https://cloudinary.images-iherb.com/image/upload/f_auto,q_auto:eco/images/swv/swv11095/u/24.jpg",iherb
1dea6626-352e-472c-894e-63334b300760,"Swanson","Swanson Triple Magnesium Complex 400 mg","https://cloudinary.images-iherb.com/image/upload/f_auto,q_auto:eco/images/swv/swv11243/u/40.jpg",iherb
c875347c-06b2-4da5-8fed-ef359a9dce42,"Swanson","Swanson Omega-3 Fish Oil with Vitamin D 1000 mg Lemon Flavored","https://cloudinary.images-iherb.com/image/upload/f_auto,q_auto:eco/images/swv/swv11309/u/24.jpg",iherb
a7f7d7cb-16d9-4cba-9141-8945c831f67c,"Swanson","Swanson Super DPA Fish Oil 1000 mg","https://cloudinary.images-iherb.com/image/upload/f_auto,q_auto:eco/images/swv/swv17064/u/24.jpg",iherb
a2244aa0-2313-4b7b-93f3-7e2019f0aa17,"Swanson","Swanson MultiOmega 3-6-9","https://cloudinary.images-iherb.com/image/upload/f_auto,q_auto:eco/images/swv/swv17083/u/48.jpg",iherb
b74724d2-72af-4c5a-b0a6-12757b55972b,"Swanson","Swanson Ultimate Ashwagandha 250 mg KSM-66","https://cloudinary.images-iherb.com/image/upload/f_auto,q_auto:eco/images/swv/swv21003/u/24.jpg",iherb
43e02c06-5692-4510-865a-21ac865f436a,"Pure Synergy","Pure Synergy Vita Min Herb Men's Multivitamin","https://cloudinary.images-iherb.com/image/upload/f_auto,q_auto:eco/images/syn/syn00430/u/111.jpg",iherb
b345373b-dd37-4f17-b092-2b993955c22b,"Terra Origin","Terra Origin Collagen + Protein Bone Broth Vanilla","https://cloudinary.images-iherb.com/image/upload/f_auto,q_auto:eco/images/teo/teo00710/u/34.jpg",iherb
ded4f066-3c8c-4f2b-a2fd-425f5f6955de,"Thorne","Thorne A.M.","https://cloudinary.images-iherb.com/image/upload/f_auto,q_auto:eco/images/thr/thr00653/u/82.jpg",iherb
db51e661-1de1-407b-a5d4-1113605487bb,"Thorne","Thorne Collagen Fit","https://cloudinary.images-iherb.com/image/upload/f_auto,q_auto:eco/images/thr/thr01353/u/24.jpg",iherb
f7c0865b-1e67-4ebe-99d8-d4bd411b5db9,"Thorne","Thorne Zinc Picolinate 15 mg","https://cloudinary.images-iherb.com/image/upload/f_auto,q_auto:eco/images/thr/thr21002/u/37.jpg",iherb
e6f76157-710f-4cf3-a3f2-d129f1b6403a,"Vital Nutrients","Vital Nutrients Multi-Minerals (no Copper or Iron)","https://cloudinary.images-iherb.com/image/upload/f_auto,q_auto:eco/images/vnu/vnu30711/u/8.jpg",iherb
42762235-cd23-462a-9819-e2dd0edfd5e4,"Vital Nutrients","Vital Nutrients Iron Plus C","https://cloudinary.images-iherb.com/image/upload/f_auto,q_auto:eco/images/vnu/vnu31511/u/8.jpg",iherb
0933b87f-cab2-47cb-8e03-7c58fa6d3cc8,"Vital Nutrients","Vital Nutrients Ultra Pure Fish Oil 800 Lemon Flavored","https://cloudinary.images-iherb.com/image/upload/f_auto,q_auto:eco/images/vnu/vnu45511/u/8.jpg",iherb
67ba3451-4b31-435e-ba12-f0aab54ad2b2,"Vital Nutrients","Vital Nutrients Multi-Nutrients 4 (with Copper & Iron)","https://cloudinary.images-iherb.com/image/upload/f_auto,q_auto:eco/images/vnu/vnu53011/u/8.jpg",iherb
e8b618ed-e926-4c2e-945a-e10604646b03,"Vital Nutrients","Vital Nutrients Vitamin D3 10000 IU","https://cloudinary.images-iherb.com/image/upload/f_auto,q_auto:eco/images/vnu/vnu54911/u/40.jpg",iherb
a57441fb-e5a4-4f55-99f5-ea1425ea6bc5,"The Vitamin shoppe","The Vitamin shoppe Super Omega 3 Fish Oil","https://cloudinary.images-iherb.com/image/upload/f_auto,q_auto:eco/images/vsi/vsi02976/u/8.jpg",iherb
c0ee1e97-8112-4972-85d7-b07985ee8d28,"The Vitamin shoppe","The Vitamin shoppe Omega 3 Fish Oil 1000 mg","https://cloudinary.images-iherb.com/image/upload/f_auto,q_auto:eco/images/vsi/vsi02977/u/8.jpg",iherb
d9c6cba8-75c2-47e2-9329-a670765e6a09,"The Vitamin shoppe","The Vitamin shoppe Omega 3-6-9","https://cloudinary.images-iherb.com/image/upload/f_auto,q_auto:eco/images/vsi/vsi02978/u/8.jpg",iherb
ca224d71-d9c9-4d5e-95d8-80f1c37ad4e7,"The Vitamin shoppe","The Vitamin shoppe One Daily Women's","https://cloudinary.images-iherb.com/image/upload/f_auto,q_auto:eco/images/vsi/vsi03123/u/8.jpg",iherb
e7f13e5c-a050-43fe-aa60-82ea31e95b60,"Vital Proteins","Vital Proteins Collagen Peptides Unflavored","https://cloudinary.images-iherb.com/image/upload/f_auto,q_auto:eco/images/vtp/vtp00509/u/69.jpg",iherb
f4a1727b-39dd-48e5-82ad-ebad92bd1476,"Vital Proteins","Vital Proteins Matcha Collagen Original","https://cloudinary.images-iherb.com/image/upload/f_auto,q_auto:eco/images/vtp/vtp95524/u/8.jpg",iherb
dd779726-c1e5-48d2-ac62-5b49918409b2,"Wiley's Finest","Wiley's Finest  Wild Alaskan Fish Oil Peak EPA 1250 mg","https://cloudinary.images-iherb.com/image/upload/f_auto,q_auto:eco/images/wif/wif00401/u/47.jpg",iherb
15708ac3-3d31-466e-aeeb-ece0ee8988de,"Wiley's Finest","Wiley's Finest  Wild Alaskan Fish Oil Easy Swallow Minis 450 mg","https://cloudinary.images-iherb.com/image/upload/f_auto,q_auto:eco/images/wif/wif00412/u/46.jpg",iherb
906293f5-2176-4f08-b09a-02531825e7f1,"Wiley's Finest","Wiley's Finest  Wild Alaskan Fish Oil Peak EPA","https://cloudinary.images-iherb.com/image/upload/f_auto,q_auto:eco/images/wif/wif00420/u/80.jpg",iherb
4626b4b4-695d-4315-8371-887e035c42cb,"Wiley's Finest","Wiley's Finest  Wild Alaskan Fish Oil Prenatal DHA 600 mg","https://cloudinary.images-iherb.com/image/upload/f_auto,q_auto:eco/images/wif/wif01003/u/24.jpg",iherb
9229c6de-d459-43f5-bacf-b2f47880f586,"Wiley's Finest","Wiley's Finest  Wild Alaskan Fish Oil Easy Swallow Minis","https://cloudinary.images-iherb.com/image/upload/f_auto,q_auto:eco/images/wif/wif16797/u/47.jpg",iherb
fba42b6f-afbc-4391-8ad0-9e4ddc9ce2a7,"youtheory","youtheory Collagen","https://cloudinary.images-iherb.com/image/upload/f_auto,q_auto:eco/images/you/you00106/u/16.jpg",iherb
aa0e529f-17e0-4e6a-a01c-c72e4dfd448b,"youtheory","youtheory Collagen 6000 mg","https://cloudinary.images-iherb.com/image/upload/f_auto,q_auto:eco/images/you/you00313/u/8.jpg",iherb
fdf58ca5-e1f5-40d0-84a8-5d43e0867ac7,"youtheory","youtheory Collagen 6000 mg","https://cloudinary.images-iherb.com/image/upload/f_auto,q_auto:eco/images/you/you00351/u/67.jpg",iherb
d8306db3-c24b-450d-a8f5-cae04d5c962d,"youtheory","youtheory Ashwagandha","https://cloudinary.images-iherb.com/image/upload/f_auto,q_auto:eco/images/you/you00758/u/42.jpg",iherb
52284525-e527-4ba2-b00e-ec4e98f61914,"youtheory","youtheory K2D3","https://cloudinary.images-iherb.com/image/upload/f_auto,q_auto:eco/images/you/you92035/u/44.jpg",iherb
4533174b-8f60-4a7f-9668-b7d64e0cb56a,"Advanced Nutrition by Zahler","Advanced Nutrition by Zahler Iron Complex","https://cloudinary.images-iherb.com/image/upload/f_auto,q_auto:eco/images/zah/zah08078/u/47.jpg",iherb
f7cd37d2-a9e2-4aff-8022-2d047afcfa8c,"Zint","Zint The Complete Multi Collagen Anti Aging Formula","https://cloudinary.images-iherb.com/image/upload/f_auto,q_auto:eco/images/znt/znt02081/u/24.jpg",iherb
f23a0df5-1c3f-441c-8f38-93739b44deeb,"Zint","Zint Pure Grass-Fed Collagen Peptides","https://cloudinary.images-iherb.com/image/upload/f_auto,q_auto:eco/images/znt/znt02603/u/19.jpg",iherb